event_id,store_id,campaign_id,product_code,base_price,promo_type,quantity_sold_before_promo,quantity_sold_after_promo
7f650b,STCBE-2,CAMP_SAN_01,P11,190,50% OFF,34,52
a21f91,STBLR-8,CAMP_DIW_01,P03,156,25% OFF,393,322
78bc80,STVJD-0,CAMP_SAN_01,P07,300,BOGOF,22,85
a1503f,STCBE-1,CAMP_DIW_01,P15,3000,500 Cashback,329,1000
1091cf,STBLR-6,CAMP_DIW_01,P05,55,25% OFF,108,93
8.02E+96,STBLR-4,CAMP_DIW_01,P11,190,50% OFF,91,116
73d86f,STVSK-2,CAMP_SAN_01,P10,50,25% OFF,31,26
fe3560,STHYD-4,CAMP_DIW_01,P13,350,BOGOF,73,245
6b2afc,STCBE-4,CAMP_SAN_01,P08,1190,BOGOF,30,79
ce5851,STMDU-2,CAMP_SAN_01,P03,200,BOGOF,318,1265
dd6685,STMYS-2,CAMP_DIW_01,P06,415,25% OFF,78,70
8f25a6,STHYD-6,CAMP_SAN_01,P15,3000,500 Cashback,126,302
5c3c33,STCHE-6,CAMP_DIW_01,P12,62,50% OFF,154,207
d290a1,STBLR-3,CAMP_DIW_01,P04,290,25% OFF,343,270
635862,STVSK-4,CAMP_SAN_01,P02,860,33% OFF,348,480
c0ecb5,STCHE-2,CAMP_SAN_01,P07,300,BOGOF,43,167
182caa,STCHE-5,CAMP_SAN_01,P06,415,25% OFF,39,33
c4db5b,STTRV-0,CAMP_DIW_01,P01,172,33% OFF,164,236
94f48c,STVSK-1,CAMP_SAN_01,P06,415,25% OFF,22,16
7ef92f,STHYD-5,CAMP_SAN_01,P07,300,BOGOF,55,213
0f422c,STBLR-0,CAMP_DIW_01,P14,1020,BOGOF,42,168
1e9a06,STCHE-4,CAMP_DIW_01,P13,350,BOGOF,84,338
02ebe9,STBLR-8,CAMP_DIW_01,P11,190,50% OFF,66,88
260ff2,STMYS-2,CAMP_SAN_01,P01,172,33% OFF,204,291
7fc923,STTRV-0,CAMP_SAN_01,P08,1190,BOGOF,19,74
b08c12,STMDU-3,CAMP_DIW_01,P03,156,25% OFF,227,202
ca7298,STCBE-2,CAMP_SAN_01,P15,3000,500 Cashback,85,228
bf33ae,STMYS-0,CAMP_DIW_01,P14,1020,BOGOF,59,182
35fb5b,STCBE-2,CAMP_DIW_01,P13,350,BOGOF,50,190
def6ff,STMDU-0,CAMP_DIW_01,P11,190,50% OFF,70,89
2f3e5d,STCHE-2,CAMP_SAN_01,P01,172,33% OFF,333,402
ca3893,STMYS-1,CAMP_SAN_01,P09,90,25% OFF,52,39
922e6a,STBLR-8,CAMP_SAN_01,P05,55,25% OFF,34,24
4f0587,STMDU-0,CAMP_SAN_01,P08,1190,BOGOF,33,136
fa5b45,STVJD-1,CAMP_SAN_01,P08,1190,BOGOF,27,109
df45ee,STHYD-3,CAMP_DIW_01,P01,172,33% OFF,309,534
f3ac85,STBLR-5,CAMP_SAN_01,P03,200,BOGOF,348,1350
292ca5,STHYD-2,CAMP_DIW_01,P04,290,25% OFF,287,220
620715,STMYS-3,CAMP_SAN_01,P03,200,BOGOF,340,1485
7e9777,STVJD-1,CAMP_DIW_01,P08,1190,BOGOF,24,82
761785,STBLR-4,CAMP_SAN_01,P14,1020,BOGOF,121,474
eb3bea,STVSK-2,CAMP_SAN_01,P15,3000,500 Cashback,109,238
276150,STCBE-3,CAMP_SAN_01,P07,300,BOGOF,33,128
3beb46,STMYS-2,CAMP_SAN_01,P13,350,BOGOF,81,208
47af00,STVJD-1,CAMP_DIW_01,P03,156,25% OFF,183,150
627200,STCBE-4,CAMP_DIW_01,P14,1020,BOGOF,36,111
bc8315,STHYD-1,CAMP_DIW_01,P12,62,50% OFF,122,135
1f083a,STVJD-0,CAMP_SAN_01,P06,415,25% OFF,16,14
c1e0b6,STCHE-6,CAMP_SAN_01,P01,172,33% OFF,273,379
f60d93,STCBE-0,CAMP_DIW_01,P05,55,25% OFF,78,75
a10402,STVSK-2,CAMP_SAN_01,P02,860,33% OFF,295,436
741bef,STMYS-0,CAMP_SAN_01,P13,350,BOGOF,114,287
105788,STCHE-0,CAMP_SAN_01,P07,300,BOGOF,58,232
a85a9a,STHYD-2,CAMP_SAN_01,P10,50,25% OFF,42,31
4.47E+06,STVJD-0,CAMP_SAN_01,P04,370,BOGOF,253,1017
830e9a,STCHE-1,CAMP_DIW_01,P01,172,33% OFF,325,396
29524a,STBLR-9,CAMP_SAN_01,P10,50,25% OFF,40,36
3ce076,STMLR-1,CAMP_DIW_01,P11,190,50% OFF,38,50
32fa85,STCHE-3,CAMP_DIW_01,P05,55,25% OFF,106,92
42f304,STCBE-3,CAMP_DIW_01,P06,415,25% OFF,66,57
a929ed,STHYD-5,CAMP_DIW_01,P03,156,25% OFF,358,347
6dae49,STBLR-1,CAMP_DIW_01,P05,55,25% OFF,117,114
3b54c7,STHYD-3,CAMP_DIW_01,P04,290,25% OFF,367,297
7d6e2a,STMLR-0,CAMP_DIW_01,P03,156,25% OFF,166,146
c8ce63,STMDU-0,CAMP_DIW_01,P15,3000,500 Cashback,369,1221
bd1314,STMYS-2,CAMP_SAN_01,P05,55,25% OFF,37,30
7634c0,STMLR-0,CAMP_SAN_01,P10,50,25% OFF,15,12
d304f9,STCHE-5,CAMP_DIW_01,P04,290,25% OFF,309,268
34ac29,STMDU-0,CAMP_DIW_01,P06,415,25% OFF,73,64
57a7bc,STHYD-5,CAMP_SAN_01,P14,1020,BOGOF,100,391
70e65e,STCBE-0,CAMP_DIW_01,P15,3000,500 Cashback,320,937
cf2a34,STHYD-3,CAMP_DIW_01,P06,415,25% OFF,106,81
1c1cb7,STHYD-5,CAMP_SAN_01,P10,50,25% OFF,39,35
8.25E+90,STBLR-3,CAMP_DIW_01,P05,55,25% OFF,112,88
ad56bd,STMLR-2,CAMP_DIW_01,P09,110,50% OFF,36,37
32efe6,STVSK-3,CAMP_SAN_01,P08,1190,BOGOF,30,81
eaa64b,STBLR-3,CAMP_SAN_01,P09,90,25% OFF,58,43
9e82db,STMDU-1,CAMP_DIW_01,P05,55,25% OFF,92,79
d5b8af,STVJD-1,CAMP_SAN_01,P11,190,50% OFF,25,35
6d24bc,STMDU-2,CAMP_DIW_01,P03,156,25% OFF,206,179
107747,STHYD-1,CAMP_SAN_01,P02,860,33% OFF,488,580
04da18,STVSK-4,CAMP_SAN_01,P03,200,BOGOF,223,604
3a3e96,STBLR-6,CAMP_DIW_01,P07,300,BOGOF,68,263
8f1624,STVJD-0,CAMP_DIW_01,P10,65,50% OFF,57,75
b8269b,STBLR-1,CAMP_DIW_01,P13,350,BOGOF,77,232
c6ca4d,STHYD-2,CAMP_SAN_01,P02,860,33% OFF,465,646
987463,STBLR-0,CAMP_SAN_01,P07,300,BOGOF,45,185
0b51fe,STHYD-3,CAMP_SAN_01,P10,50,25% OFF,39,29
d1ceaf,STBLR-5,CAMP_SAN_01,P10,50,25% OFF,36,29
d834f0,STMYS-3,CAMP_SAN_01,P08,1190,BOGOF,34,147
1ed982,STCHE-6,CAMP_DIW_01,P13,350,BOGOF,75,252
e9c690,STMDU-3,CAMP_SAN_01,P09,90,25% OFF,45,38
268ca2,STVJD-0,CAMP_SAN_01,P15,3000,500 Cashback,63,151
a1624e,STHYD-1,CAMP_DIW_01,P02,860,33% OFF,351,449
31b59d,STVSK-3,CAMP_SAN_01,P10,50,25% OFF,27,21
82454e,STMLR-1,CAMP_DIW_01,P05,55,25% OFF,54,48
1548f8,STVSK-4,CAMP_SAN_01,P15,3000,500 Cashback,100,175
84a2f4,STCHE-7,CAMP_SAN_01,P04,370,BOGOF,423,1801
9e59d5,STVSK-1,CAMP_DIW_01,P05,55,25% OFF,64,49
873333,STMLR-0,CAMP_DIW_01,P15,3000,500 Cashback,196,509
8b751b,STMLR-0,CAMP_SAN_01,P05,55,25% OFF,15,12
f856b9,STMLR-2,CAMP_SAN_01,P15,3000,500 Cashback,66,147
dcaa89,STHYD-6,CAMP_SAN_01,P13,350,BOGOF,100,403
677e2c,STHYD-1,CAMP_SAN_01,P13,350,BOGOF,122,326
b00eeb,STCHE-0,CAMP_SAN_01,P08,1190,BOGOF,51,196
8ff468,STVJD-0,CAMP_SAN_01,P03,200,BOGOF,193,773
72f6b4,STTRV-0,CAMP_SAN_01,P02,860,33% OFF,241,344
300664,STHYD-5,CAMP_DIW_01,P13,350,BOGOF,80,276
7ecbbb,STHYD-1,CAMP_DIW_01,P06,415,25% OFF,103,88
2dc515,STMYS-3,CAMP_SAN_01,P01,172,33% OFF,232,294
a4fb0b,STMDU-0,CAMP_SAN_01,P02,860,33% OFF,318,448
f2d198,STTRV-1,CAMP_DIW_01,P03,156,25% OFF,166,157
df5c15,STBLR-5,CAMP_DIW_01,P06,415,25% OFF,101,90
4e6a19,STHYD-3,CAMP_SAN_01,P07,300,BOGOF,45,121
6436da,STMDU-1,CAMP_SAN_01,P08,1190,BOGOF,30,118
852b4f,STHYD-5,CAMP_SAN_01,P12,62,50% OFF,49,70
26322a,STMLR-0,CAMP_DIW_01,P10,65,50% OFF,52,71
57576d,STBLR-5,CAMP_SAN_01,P08,1190,BOGOF,49,194
af646e,STHYD-4,CAMP_SAN_01,P11,190,50% OFF,54,78
ccbc3a,STTRV-0,CAMP_DIW_01,P06,415,25% OFF,52,49
572031,STBLR-6,CAMP_SAN_01,P03,200,BOGOF,423,1734
5a21a5,STBLR-4,CAMP_SAN_01,P10,50,25% OFF,31,26
c6bf42,STCBE-3,CAMP_DIW_01,P07,300,BOGOF,52,173
f5ff07,STCHE-6,CAMP_DIW_01,P11,190,50% OFF,80,100
2c8137,STVSK-3,CAMP_SAN_01,P07,300,BOGOF,31,77
4e3a3d,STVJD-0,CAMP_DIW_01,P02,860,33% OFF,197,285
582098,STMYS-1,CAMP_SAN_01,P14,1020,BOGOF,109,453
9387d1,STHYD-6,CAMP_DIW_01,P02,860,33% OFF,329,470
6c9451,STVSK-0,CAMP_DIW_01,P03,156,25% OFF,259,225
9c74f7,STBLR-9,CAMP_DIW_01,P09,110,50% OFF,71,90
c3bbcc,STBLR-2,CAMP_SAN_01,P07,300,BOGOF,31,122
00a25a,STCHE-3,CAMP_SAN_01,P12,62,50% OFF,64,89
7b0f7d,STVJD-1,CAMP_DIW_01,P01,172,33% OFF,180,255
b484bd,STTRV-1,CAMP_DIW_01,P06,415,25% OFF,36,34
3aaafb,STMDU-2,CAMP_DIW_01,P06,415,25% OFF,50,43
20d916,STCBE-1,CAMP_DIW_01,P07,300,BOGOF,57,188
eccfbe,STCHE-1,CAMP_DIW_01,P02,860,33% OFF,364,451
71a7a0,STCHE-6,CAMP_DIW_01,P14,1020,BOGOF,59,195
fd2628,STBLR-8,CAMP_DIW_01,P15,3000,500 Cashback,437,1306
7b187a,STVSK-1,CAMP_SAN_01,P14,1020,BOGOF,82,322
345b49,STMDU-2,CAMP_SAN_01,P14,1020,BOGOF,76,300
1c4a78,STMLR-2,CAMP_SAN_01,P12,62,50% OFF,27,31
70c312,STHYD-4,CAMP_SAN_01,P13,350,BOGOF,135,534
1ee94b,STHYD-0,CAMP_DIW_01,P13,350,BOGOF,68,235
c381ea,STMLR-1,CAMP_SAN_01,P08,1190,BOGOF,27,106
8724c8,STCBE-4,CAMP_SAN_01,P04,370,BOGOF,363,990
8f3699,STVSK-3,CAMP_DIW_01,P03,156,25% OFF,196,174
bfb2b4,STBLR-7,CAMP_SAN_01,P13,350,BOGOF,133,559
19e2f0,STCHE-7,CAMP_SAN_01,P11,190,50% OFF,58,81
a0d919,STMDU-1,CAMP_DIW_01,P08,1190,BOGOF,35,122
98c85b,STMLR-2,CAMP_DIW_01,P13,350,BOGOF,38,133
d60641,STHYD-0,CAMP_DIW_01,P03,156,25% OFF,351,305
a340fc,STBLR-4,CAMP_DIW_01,P05,55,25% OFF,136,121
4dca21,STVSK-1,CAMP_SAN_01,P04,370,BOGOF,252,985
ff18f2,STVSK-3,CAMP_DIW_01,P15,3000,500 Cashback,260,681
b79fd9,STVJD-1,CAMP_DIW_01,P04,290,25% OFF,150,123
c23e33,STHYD-6,CAMP_SAN_01,P11,190,50% OFF,49,69
cf734f,STHYD-4,CAMP_SAN_01,P08,1190,BOGOF,51,203
0951b6,STMYS-1,CAMP_DIW_01,P09,110,50% OFF,103,159
413f48,STVSK-0,CAMP_SAN_01,P14,1020,BOGOF,61,234
de1ced,STCHE-3,CAMP_DIW_01,P03,156,25% OFF,330,290
291ddf,STCBE-1,CAMP_SAN_01,P03,200,BOGOF,267,1054
aa1bbd,STCBE-0,CAMP_SAN_01,P10,50,25% OFF,25,22
53a947,STBLR-1,CAMP_SAN_01,P06,415,25% OFF,39,36
b8f698,STMDU-3,CAMP_DIW_01,P10,65,50% OFF,68,76
13ad42,STMDU-0,CAMP_DIW_01,P03,156,25% OFF,241,209
93e61f,STBLR-4,CAMP_DIW_01,P10,65,50% OFF,92,120
3070a3,STVSK-3,CAMP_DIW_01,P10,65,50% OFF,68,76
cf0a2a,STHYD-3,CAMP_DIW_01,P09,110,50% OFF,92,147
ae5745,STCBE-4,CAMP_DIW_01,P06,415,25% OFF,68,61
695cd9,STTRV-1,CAMP_SAN_01,P07,300,BOGOF,21,82
b76614,STMLR-0,CAMP_SAN_01,P12,62,50% OFF,33,47
d42636,STBLR-6,CAMP_SAN_01,P05,55,25% OFF,25,20
d9d3f4,STMYS-1,CAMP_DIW_01,P10,65,50% OFF,103,158
8cbaa3,STHYD-2,CAMP_SAN_01,P08,1190,BOGOF,60,238
aaea9e,STTRV-0,CAMP_DIW_01,P10,65,50% OFF,68,93
34a266,STMLR-0,CAMP_DIW_01,P08,1190,BOGOF,24,70
b017e0,STMDU-3,CAMP_DIW_01,P02,860,33% OFF,276,345
7014a8,STBLR-8,CAMP_SAN_01,P14,1020,BOGOF,97,385
9e2de4,STMLR-0,CAMP_SAN_01,P07,300,BOGOF,21,54
ec29f9,STTRV-1,CAMP_SAN_01,P06,415,25% OFF,21,19
5c50b6,STHYD-6,CAMP_SAN_01,P09,90,25% OFF,55,45
e2a523,STHYD-5,CAMP_DIW_01,P07,300,BOGOF,59,195
166a02,STCHE-6,CAMP_SAN_01,P13,350,BOGOF,111,445
61b929,STVSK-2,CAMP_DIW_01,P14,1020,BOGOF,33,109
908a96,STHYD-4,CAMP_SAN_01,P12,62,50% OFF,52,72
d0f417,STCBE-4,CAMP_DIW_01,P12,62,50% OFF,89,112
c4b10c,STCHE-5,CAMP_DIW_01,P06,415,25% OFF,87,77
e39703,STBLR-9,CAMP_DIW_01,P08,1190,BOGOF,47,163
1.11E+11,STMYS-3,CAMP_SAN_01,P11,190,50% OFF,43,48
029ff8,STMLR-0,CAMP_SAN_01,P01,172,33% OFF,169,236
daff65,STMLR-0,CAMP_DIW_01,P11,190,50% OFF,35,45
108a63,STHYD-3,CAMP_SAN_01,P05,55,25% OFF,30,22
e7d681,STCHE-5,CAMP_DIW_01,P13,350,BOGOF,66,226
02fa4b,STVSK-4,CAMP_DIW_01,P01,172,33% OFF,155,218
2b0a40,STHYD-2,CAMP_DIW_01,P13,350,BOGOF,82,273
406a98,STBLR-5,CAMP_SAN_01,P01,172,33% OFF,264,361
ad1849,STCHE-1,CAMP_DIW_01,P05,55,25% OFF,119,107
cfa879,STCHE-4,CAMP_SAN_01,P13,350,BOGOF,114,502
d2b963,STVJD-0,CAMP_SAN_01,P14,1020,BOGOF,48,187
2e3393,STCHE-3,CAMP_SAN_01,P14,1020,BOGOF,112,460
68718c,STCHE-0,CAMP_DIW_01,P04,290,25% OFF,309,265
591730,STBLR-2,CAMP_SAN_01,P09,90,25% OFF,64,53
7d1872,STMYS-2,CAMP_DIW_01,P02,860,33% OFF,283,430
4b3df6,STTRV-1,CAMP_SAN_01,P14,1020,BOGOF,61,234
55b461,STMDU-0,CAMP_SAN_01,P06,415,25% OFF,21,17
6b26bc,STHYD-2,CAMP_SAN_01,P05,55,25% OFF,24,18
dbd453,STMLR-1,CAMP_SAN_01,P03,200,BOGOF,195,776
1fcb3a,STVSK-4,CAMP_DIW_01,P05,55,25% OFF,89,72
0a45d8,STTRV-0,CAMP_DIW_01,P02,860,33% OFF,196,303
e4235a,STVJD-0,CAMP_SAN_01,P09,90,25% OFF,33,30
ca1e8f,STHYD-1,CAMP_DIW_01,P08,1190,BOGOF,54,167
aa76f1,STHYD-0,CAMP_SAN_01,P11,190,50% OFF,42,65
e8aca2,STCBE-4,CAMP_DIW_01,P08,1190,BOGOF,40,119
c8670a,STCHE-0,CAMP_DIW_01,P15,3000,500 Cashback,343,1056
c99d18,STCHE-7,CAMP_DIW_01,P08,1190,BOGOF,54,218
bcbc28,STVSK-1,CAMP_DIW_01,P02,860,33% OFF,253,389
d7e3d8,STVJD-1,CAMP_DIW_01,P13,350,BOGOF,36,124
5991de,STMDU-0,CAMP_DIW_01,P09,110,50% OFF,43,58
4ad894,STMLR-1,CAMP_DIW_01,P03,156,25% OFF,192,165
72f1c0,STVSK-4,CAMP_DIW_01,P11,190,50% OFF,57,72
465ef1,STCHE-4,CAMP_DIW_01,P04,290,25% OFF,304,273
db76f3,STBLR-0,CAMP_DIW_01,P01,172,33% OFF,294,438
8f4f8c,STVJD-1,CAMP_DIW_01,P02,860,33% OFF,210,321
dd2475,STBLR-4,CAMP_DIW_01,P04,290,25% OFF,325,289
a0a2ec,STBLR-8,CAMP_SAN_01,P01,172,33% OFF,346,491
0f1be6,STCBE-2,CAMP_DIW_01,P12,62,50% OFF,89,129
5b357f,STMDU-1,CAMP_DIW_01,P15,3000,500 Cashback,322,985
380012,STMDU-3,CAMP_DIW_01,P06,415,25% OFF,56,50
3906da,STMLR-2,CAMP_SAN_01,P09,90,25% OFF,33,27
c917a3,STCHE-3,CAMP_DIW_01,P04,290,25% OFF,350,311
3a8b79,STMDU-0,CAMP_DIW_01,P07,300,BOGOF,49,199
c48008,STBLR-2,CAMP_DIW_01,P14,1020,BOGOF,47,162
88a405,STMLR-2,CAMP_DIW_01,P12,62,50% OFF,63,71
1ba928,STMDU-1,CAMP_DIW_01,P04,290,25% OFF,255,219
7d5e81,STCHE-5,CAMP_SAN_01,P07,300,BOGOF,43,167
43feca,STMDU-3,CAMP_DIW_01,P13,350,BOGOF,56,184
9779b0,STVSK-2,CAMP_DIW_01,P10,65,50% OFF,85,128
bd2635,STHYD-5,CAMP_DIW_01,P04,290,25% OFF,327,310
4f255c,STHYD-1,CAMP_SAN_01,P08,1190,BOGOF,52,134
386fdc,STVSK-1,CAMP_DIW_01,P01,172,33% OFF,257,364
3df185,STCBE-2,CAMP_DIW_01,P11,190,50% OFF,40,62
a37f93,STVSK-3,CAMP_DIW_01,P14,1020,BOGOF,38,117
939435,STMLR-2,CAMP_SAN_01,P07,300,BOGOF,24,96
38b760,STMDU-0,CAMP_DIW_01,P14,1020,BOGOF,33,126
660f7c,STMYS-1,CAMP_SAN_01,P07,300,BOGOF,43,186
5c8b9f,STMDU-1,CAMP_DIW_01,P01,172,33% OFF,187,289
9.57E+11,STHYD-1,CAMP_SAN_01,P15,3000,500 Cashback,103,177
ddddb3,STBLR-2,CAMP_DIW_01,P09,110,50% OFF,103,136
90b2fb,STCHE-6,CAMP_DIW_01,P07,300,BOGOF,59,201
cf9994,STCHE-5,CAMP_SAN_01,P10,50,25% OFF,37,31
fb4f00,STCHE-0,CAMP_DIW_01,P11,190,50% OFF,80,102
b41e58,STCBE-4,CAMP_DIW_01,P02,860,33% OFF,255,377
567271,STMDU-0,CAMP_DIW_01,P10,65,50% OFF,78,102
902a62,STHYD-2,CAMP_DIW_01,P06,415,25% OFF,96,77
da5d21,STBLR-9,CAMP_DIW_01,P10,65,50% OFF,92,125
8f2264,STBLR-7,CAMP_DIW_01,P12,62,50% OFF,124,184
1e2a0e,STBLR-9,CAMP_DIW_01,P01,172,33% OFF,329,467
7a6449,STHYD-3,CAMP_DIW_01,P10,65,50% OFF,131,203
6.24E+11,STMLR-0,CAMP_SAN_01,P03,200,BOGOF,206,541
5aa413,STCHE-1,CAMP_SAN_01,P08,1190,BOGOF,43,109
11a64e,STCHE-7,CAMP_SAN_01,P06,415,25% OFF,31,28
67820e,STBLR-0,CAMP_SAN_01,P10,50,25% OFF,31,25
cd0d8e,STMDU-2,CAMP_DIW_01,P11,190,50% OFF,66,77
ee63b3,STHYD-4,CAMP_DIW_01,P02,860,33% OFF,362,521
abffa2,STCHE-5,CAMP_DIW_01,P07,300,BOGOF,59,206
5487a6,STBLR-0,CAMP_DIW_01,P03,156,25% OFF,358,315
0a4160,STCHE-7,CAMP_DIW_01,P03,156,25% OFF,330,323
6422b4,STCBE-0,CAMP_DIW_01,P01,172,33% OFF,255,425
6c7601,STCBE-2,CAMP_SAN_01,P14,1020,BOGOF,78,334
d3575d,STMLR-2,CAMP_DIW_01,P02,860,33% OFF,210,268
75ad53,STVJD-1,CAMP_DIW_01,P05,55,25% OFF,59,48
a08c5e,STMYS-2,CAMP_DIW_01,P05,55,25% OFF,99,88
d8a4ae,STBLR-0,CAMP_SAN_01,P05,55,25% OFF,28,22
14f1e9,STBLR-4,CAMP_DIW_01,P08,1190,BOGOF,49,163
11178a,STCBE-0,CAMP_DIW_01,P07,300,BOGOF,36,118
62775f,STCHE-2,CAMP_DIW_01,P07,300,BOGOF,59,196
5.88E+11,STHYD-3,CAMP_DIW_01,P12,62,50% OFF,112,178
4fca07,STMLR-2,CAMP_SAN_01,P01,172,33% OFF,183,215
a216f7,STCBE-2,CAMP_DIW_01,P06,415,25% OFF,77,68
18a68a,STMLR-0,CAMP_DIW_01,P01,172,33% OFF,173,250
1f5ed3,STVSK-1,CAMP_SAN_01,P08,1190,BOGOF,33,131
58e374,STBLR-0,CAMP_DIW_01,P07,300,BOGOF,64,250
f7aec5,STCHE-5,CAMP_SAN_01,P13,350,BOGOF,87,341
f4192d,STMYS-1,CAMP_DIW_01,P11,190,50% OFF,84,121
a71e7c,STCBE-2,CAMP_SAN_01,P12,62,50% OFF,33,51
f49149,STMYS-0,CAMP_SAN_01,P06,415,25% OFF,27,22
e7cb59,STCHE-3,CAMP_DIW_01,P11,190,50% OFF,96,120
8b1147,STVSK-0,CAMP_SAN_01,P15,3000,500 Cashback,73,170
8d349f,STCBE-4,CAMP_SAN_01,P10,50,25% OFF,22,18
096adc,STBLR-8,CAMP_SAN_01,P02,860,33% OFF,441,626
5f0a89,STBLR-3,CAMP_SAN_01,P15,3000,500 Cashback,114,249
127984,STMLR-2,CAMP_DIW_01,P04,290,25% OFF,141,125
e8a904,STCHE-7,CAMP_DIW_01,P05,55,25% OFF,112,107
f1b7e9,STCHE-3,CAMP_DIW_01,P14,1020,BOGOF,52,211
62d659,STHYD-6,CAMP_DIW_01,P10,65,50% OFF,105,137
333b7d,STHYD-6,CAMP_DIW_01,P08,1190,BOGOF,49,166
da9b71,STVSK-1,CAMP_DIW_01,P06,415,25% OFF,63,51
463205,STVSK-2,CAMP_DIW_01,P02,860,33% OFF,215,371
2b0db4,STMLR-2,CAMP_DIW_01,P14,1020,BOGOF,21,73
003e8d,STCHE-3,CAMP_DIW_01,P02,860,33% OFF,371,519
b0ab6c,STHYD-4,CAMP_SAN_01,P06,415,25% OFF,34,31
2d7f62,STCHE-2,CAMP_SAN_01,P11,190,50% OFF,58,68
58df9b,STCBE-2,CAMP_DIW_01,P02,860,33% OFF,183,327
f22294,STMYS-1,CAMP_SAN_01,P01,172,33% OFF,345,520
6.88E+10,STVJD-0,CAMP_SAN_01,P08,1190,BOGOF,22,88
41b8f8,STBLR-0,CAMP_DIW_01,P08,1190,BOGOF,56,220
7.34E+11,STCHE-0,CAMP_DIW_01,P06,415,25% OFF,105,92
cbe691,STBLR-0,CAMP_DIW_01,P10,65,50% OFF,103,134
0f2c3a,STCBE-0,CAMP_SAN_01,P07,300,BOGOF,30,117
5ae6d6,STBLR-1,CAMP_SAN_01,P09,90,25% OFF,82,74
a9ee19,STBLR-1,CAMP_SAN_01,P08,1190,BOGOF,58,158
4ab9ba,STTRV-1,CAMP_SAN_01,P01,172,33% OFF,165,232
3164ea,STMDU-2,CAMP_SAN_01,P01,172,33% OFF,265,328
7bdc1e,STVSK-4,CAMP_DIW_01,P07,300,BOGOF,50,149
565a38,STTRV-0,CAMP_SAN_01,P07,300,BOGOF,30,117
ab3517,STTRV-1,CAMP_SAN_01,P04,370,BOGOF,190,733
1b295f,STCHE-5,CAMP_DIW_01,P12,62,50% OFF,110,130
a55960,STBLR-1,CAMP_DIW_01,P08,1190,BOGOF,50,149
5a0c33,STCBE-2,CAMP_DIW_01,P10,65,50% OFF,87,127
74d23a,STCHE-0,CAMP_DIW_01,P07,300,BOGOF,75,252
d105db,STCBE-4,CAMP_SAN_01,P07,300,BOGOF,43,111
1620ea,STMYS-3,CAMP_DIW_01,P06,415,25% OFF,101,89
2177f8,STMDU-0,CAMP_DIW_01,P04,290,25% OFF,234,208
609bfd,STBLR-1,CAMP_DIW_01,P12,62,50% OFF,129,170
0013db,STBLR-1,CAMP_SAN_01,P02,860,33% OFF,435,622
6f3e24,STHYD-6,CAMP_DIW_01,P15,3000,500 Cashback,388,1129
79a95a,STHYD-3,CAMP_SAN_01,P15,3000,500 Cashback,121,200
8cd1ec,STCHE-1,CAMP_SAN_01,P13,350,BOGOF,124,324
e57227,STCHE-6,CAMP_SAN_01,P05,55,25% OFF,25,18
79577d,STBLR-9,CAMP_DIW_01,P03,156,25% OFF,348,337
dbaf92,STBLR-6,CAMP_SAN_01,P01,172,33% OFF,301,454
27bc6e,STCBE-2,CAMP_DIW_01,P14,1020,BOGOF,42,160
53bb94,STHYD-2,CAMP_DIW_01,P02,860,33% OFF,402,611
2fe1bb,STCHE-1,CAMP_SAN_01,P04,370,BOGOF,460,1168
e553f2,STTRV-0,CAMP_DIW_01,P13,350,BOGOF,38,129
fc376a,STHYD-0,CAMP_SAN_01,P14,1020,BOGOF,106,422
fdd666,STMLR-0,CAMP_DIW_01,P06,415,25% OFF,38,33
bbf357,STVSK-4,CAMP_SAN_01,P11,190,50% OFF,40,57
d180ef,STBLR-7,CAMP_SAN_01,P01,172,33% OFF,341,531
4888d5,STBLR-3,CAMP_DIW_01,P07,300,BOGOF,70,231
dead78,STVJD-0,CAMP_DIW_01,P12,62,50% OFF,68,90
c198da,STMDU-2,CAMP_SAN_01,P06,415,25% OFF,19,15
3cb389,STCHE-6,CAMP_DIW_01,P01,172,33% OFF,309,460
667c78,STVSK-4,CAMP_SAN_01,P01,172,33% OFF,223,301
02b894,STBLR-2,CAMP_SAN_01,P02,860,33% OFF,477,658
1bff17,STCHE-6,CAMP_DIW_01,P05,55,25% OFF,112,85
d6ff76,STMDU-2,CAMP_DIW_01,P14,1020,BOGOF,28,96
d1e51d,STCBE-4,CAMP_DIW_01,P07,300,BOGOF,42,130
8f2a5a,STVSK-2,CAMP_SAN_01,P11,190,50% OFF,25,37
87be33,STBLR-6,CAMP_SAN_01,P13,350,BOGOF,120,516
a1e541,STHYD-1,CAMP_DIW_01,P01,172,33% OFF,311,385
6a1a5a,STVSK-0,CAMP_DIW_01,P15,3000,500 Cashback,250,755
361cfb,STMLR-0,CAMP_DIW_01,P14,1020,BOGOF,22,69
951bda,STBLR-9,CAMP_DIW_01,P07,300,BOGOF,63,213
a692dc,STCHE-1,CAMP_SAN_01,P01,172,33% OFF,270,340
94953c,STMLR-2,CAMP_SAN_01,P06,415,25% OFF,15,12
af100a,STMLR-2,CAMP_SAN_01,P03,200,BOGOF,190,752
223d36,STMYS-0,CAMP_DIW_01,P10,65,50% OFF,129,167
ff43bf,STHYD-2,CAMP_DIW_01,P11,190,50% OFF,91,116
44838e,STVJD-1,CAMP_DIW_01,P06,415,25% OFF,49,40
1fa488,STVJD-0,CAMP_DIW_01,P07,300,BOGOF,31,105
73211e,STCBE-1,CAMP_DIW_01,P01,172,33% OFF,182,223
93a29e,STCHE-4,CAMP_SAN_01,P05,55,25% OFF,28,22
ec5570,STVJD-1,CAMP_DIW_01,P10,65,50% OFF,71,95
6ee2af,STHYD-3,CAMP_SAN_01,P02,860,33% OFF,595,892
f3a7b2,STHYD-6,CAMP_SAN_01,P01,172,33% OFF,306,416
2186aa,STCBE-3,CAMP_SAN_01,P05,55,25% OFF,19,15
e7bdad,STMLR-1,CAMP_DIW_01,P14,1020,BOGOF,24,80
f90ae9,STCBE-0,CAMP_SAN_01,P13,350,BOGOF,82,323
348fe6,STBLR-8,CAMP_DIW_01,P01,172,33% OFF,332,471
17d5c1,STCBE-0,CAMP_DIW_01,P13,350,BOGOF,52,173
8f5618,STBLR-1,CAMP_DIW_01,P04,290,25% OFF,302,289
6bfa15,STCBE-2,CAMP_SAN_01,P06,415,25% OFF,16,13
aac58d,STBLR-6,CAMP_DIW_01,P08,1190,BOGOF,52,204
ed0d01,STBLR-2,CAMP_DIW_01,P12,62,50% OFF,108,145
0eb41f,STVSK-2,CAMP_SAN_01,P01,172,33% OFF,232,364
9b8658,STHYD-5,CAMP_DIW_01,P11,190,50% OFF,73,97
3bc352,STHYD-3,CAMP_DIW_01,P07,300,BOGOF,54,170
40f110,STBLR-9,CAMP_DIW_01,P12,62,50% OFF,122,163
55fed8,STCBE-3,CAMP_DIW_01,P09,110,50% OFF,40,60
c1cdb5,STCHE-0,CAMP_SAN_01,P15,3000,500 Cashback,135,286
c134bb,STBLR-8,CAMP_SAN_01,P07,300,BOGOF,51,205
2361c6,STBLR-0,CAMP_DIW_01,P06,415,25% OFF,94,83
b44f0e,STHYD-2,CAMP_SAN_01,P15,3000,500 Cashback,136,288
607c9d,STCHE-2,CAMP_SAN_01,P02,860,33% OFF,556,711
5ea63d,STCBE-3,CAMP_DIW_01,P12,62,50% OFF,82,126
323aee,STVSK-0,CAMP_DIW_01,P07,300,BOGOF,36,119
114087,STHYD-3,CAMP_SAN_01,P06,415,25% OFF,28,20
99482c,STBLR-8,CAMP_SAN_01,P08,1190,BOGOF,42,161
5ab1d5,STCHE-6,CAMP_DIW_01,P06,415,25% OFF,98,76
97ad03,STCBE-1,CAMP_SAN_01,P02,860,33% OFF,379,462
b666fa,STTRV-1,CAMP_DIW_01,P05,55,25% OFF,57,55
da3c49,STMLR-2,CAMP_SAN_01,P02,860,33% OFF,270,313
3459ec,STCHE-3,CAMP_SAN_01,P02,860,33% OFF,468,636
7f81c2,STCHE-2,CAMP_DIW_01,P05,55,25% OFF,91,88
b17786,STMLR-0,CAMP_SAN_01,P13,350,BOGOF,63,163
2cbc21,STHYD-1,CAMP_SAN_01,P09,90,25% OFF,58,47
eacf93,STTRV-1,CAMP_SAN_01,P11,190,50% OFF,24,34
0f184e,STVSK-0,CAMP_DIW_01,P05,55,25% OFF,89,80
52ec61,STBLR-8,CAMP_DIW_01,P10,65,50% OFF,133,172
541bef,STHYD-4,CAMP_SAN_01,P01,172,33% OFF,234,322
86a92b,STMLR-2,CAMP_DIW_01,P11,190,50% OFF,42,45
861116,STBLR-7,CAMP_DIW_01,P06,415,25% OFF,96,84
c6d7c5,STMYS-3,CAMP_DIW_01,P12,62,50% OFF,124,145
b58c2d,STMYS-0,CAMP_SAN_01,P02,860,33% OFF,499,703
d59c23,STCBE-3,CAMP_DIW_01,P03,156,25% OFF,252,224
68a7bc,STBLR-5,CAMP_DIW_01,P04,290,25% OFF,322,276
f98db5,STBLR-2,CAMP_SAN_01,P15,3000,500 Cashback,129,279
ffaba4,STBLR-8,CAMP_SAN_01,P09,90,25% OFF,46,33
f725c0,STCBE-3,CAMP_SAN_01,P03,200,BOGOF,228,898
f8e037,STHYD-2,CAMP_DIW_01,P08,1190,BOGOF,52,175
b526b4,STCHE-7,CAMP_SAN_01,P02,860,33% OFF,525,756
0491f4,STVSK-2,CAMP_DIW_01,P11,190,50% OFF,38,58
879d99,STHYD-5,CAMP_DIW_01,P09,110,50% OFF,92,124
ec3591,STCHE-1,CAMP_SAN_01,P09,90,25% OFF,79,63
2db607,STCBE-1,CAMP_DIW_01,P14,1020,BOGOF,40,136
b78191,STBLR-3,CAMP_SAN_01,P14,1020,BOGOF,91,361
7b1d41,STMYS-2,CAMP_DIW_01,P14,1020,BOGOF,43,125
a6e691,STCHE-0,CAMP_SAN_01,P03,200,BOGOF,294,1134
f21ef6,STMLR-1,CAMP_SAN_01,P06,415,25% OFF,18,14
b999c5,STMYS-2,CAMP_SAN_01,P03,200,BOGOF,406,1015
f6aa36,STVSK-3,CAMP_DIW_01,P06,415,25% OFF,63,54
d78c78,STCHE-0,CAMP_DIW_01,P14,1020,BOGOF,52,182
12573c,STHYD-3,CAMP_SAN_01,P12,62,50% OFF,64,100
38ebfb,STCBE-1,CAMP_SAN_01,P10,50,25% OFF,27,20
5d23c1,STVSK-4,CAMP_SAN_01,P12,62,50% OFF,40,58
449732,STBLR-9,CAMP_DIW_01,P05,55,25% OFF,101,97
b83644,STBLR-6,CAMP_DIW_01,P11,190,50% OFF,75,117
17537,STMDU-2,CAMP_SAN_01,P08,1190,BOGOF,33,129
ab8eb3,STHYD-6,CAMP_DIW_01,P06,415,25% OFF,85,74
99ce6a,STVSK-3,CAMP_SAN_01,P03,200,BOGOF,250,687
42b041,STBLR-1,CAMP_DIW_01,P01,172,33% OFF,357,514
fd5955,STCBE-0,CAMP_DIW_01,P02,860,33% OFF,313,541
9.33E+11,STBLR-3,CAMP_SAN_01,P08,1190,BOGOF,40,154
268b09,STMLR-1,CAMP_SAN_01,P13,350,BOGOF,49,189
dcaeaa,STBLR-7,CAMP_DIW_01,P04,290,25% OFF,276,242
d31787,STMYS-2,CAMP_SAN_01,P10,50,25% OFF,25,20
f34069,STBLR-9,CAMP_SAN_01,P09,90,25% OFF,61,57
4f40ed,STCHE-5,CAMP_SAN_01,P02,860,33% OFF,564,721
12bb06,STHYD-1,CAMP_DIW_01,P03,156,25% OFF,351,319
5f2c41,STCHE-6,CAMP_DIW_01,P08,1190,BOGOF,54,185
e0de60,STHYD-6,CAMP_DIW_01,P03,156,25% OFF,327,294
152ae4,STHYD-1,CAMP_SAN_01,P12,62,50% OFF,51,57
8e6ee5,STMLR-0,CAMP_DIW_01,P05,55,25% OFF,52,45
d0fd0e,STBLR-0,CAMP_SAN_01,P11,190,50% OFF,43,62
4fa17c,STCHE-4,CAMP_DIW_01,P01,172,33% OFF,327,503
bcf305,STCHE-5,CAMP_DIW_01,P09,110,50% OFF,75,80
66050c,STCHE-6,CAMP_SAN_01,P08,1190,BOGOF,60,238
407f1c,STBLR-2,CAMP_SAN_01,P13,350,BOGOF,117,469
e12c11,STCHE-1,CAMP_SAN_01,P14,1020,BOGOF,112,294
46d57b,STBLR-9,CAMP_DIW_01,P13,350,BOGOF,94,329
e80ad8,STCHE-7,CAMP_DIW_01,P10,65,50% OFF,136,179
f2bdcc,STBLR-4,CAMP_DIW_01,P01,172,33% OFF,337,478
8d20b8,STBLR-5,CAMP_DIW_01,P09,110,50% OFF,75,95
f88523,STTRV-1,CAMP_SAN_01,P05,55,25% OFF,10,9
177b80,STMLR-0,CAMP_SAN_01,P14,1020,BOGOF,37,96
317699,STCHE-2,CAMP_SAN_01,P03,200,BOGOF,310,1246
ef6d6d,STBLR-2,CAMP_SAN_01,P14,1020,BOGOF,88,346
1e51ee,STVSK-3,CAMP_SAN_01,P12,62,50% OFF,43,51
c55ec9,STBLR-1,CAMP_SAN_01,P15,3000,500 Cashback,136,220
6bbadf,STHYD-1,CAMP_DIW_01,P14,1020,BOGOF,43,127
edaef4,STHYD-5,CAMP_SAN_01,P03,200,BOGOF,416,1630
d3f755,STCBE-1,CAMP_SAN_01,P08,1190,BOGOF,43,171
0ba095,STCBE-1,CAMP_DIW_01,P03,156,25% OFF,274,210
911349,STHYD-0,CAMP_DIW_01,P15,3000,500 Cashback,397,1214
6d65d2,STBLR-8,CAMP_SAN_01,P04,370,BOGOF,480,1867
4ab3bc,STHYD-2,CAMP_SAN_01,P09,90,25% OFF,66,49
c22cf6,STCHE-6,CAMP_SAN_01,P12,62,50% OFF,58,81
cc2182,STMDU-1,CAMP_DIW_01,P12,62,50% OFF,85,117
bdf2b8,STVJD-1,CAMP_DIW_01,P12,62,50% OFF,56,71
db8aa8,STTRV-1,CAMP_SAN_01,P03,200,BOGOF,193,746
466d6c,STMYS-1,CAMP_SAN_01,P11,190,50% OFF,31,50
6444b7,STCHE-2,CAMP_DIW_01,P06,415,25% OFF,85,81
f1cd45,STVJD-1,CAMP_DIW_01,P11,190,50% OFF,50,64
23421e,STBLR-2,CAMP_SAN_01,P12,62,50% OFF,54,77
3c3c49,STCBE-2,CAMP_SAN_01,P08,1190,BOGOF,40,168
680acd,STHYD-3,CAMP_SAN_01,P11,190,50% OFF,46,73
fe2fe7,STCHE-4,CAMP_DIW_01,P05,55,25% OFF,127,115
e2abd2,STCHE-3,CAMP_DIW_01,P09,110,50% OFF,73,92
7c51b1,STCBE-0,CAMP_DIW_01,P09,110,50% OFF,59,89
494f1b,STVSK-2,CAMP_SAN_01,P13,350,BOGOF,94,374
144c17,STCHE-2,CAMP_DIW_01,P02,860,33% OFF,411,509
28acbc,STBLR-2,CAMP_DIW_01,P10,65,50% OFF,105,132
00af86,STCBE-0,CAMP_SAN_01,P06,415,25% OFF,15,14
6321fa,STCHE-3,CAMP_SAN_01,P10,50,25% OFF,31,26
6a7668,STCHE-4,CAMP_SAN_01,P15,3000,500 Cashback,112,321
c7fefa,STMDU-1,CAMP_SAN_01,P11,190,50% OFF,28,40
c5f80e,STCHE-1,CAMP_DIW_01,P14,1020,BOGOF,43,125
86755e,STCHE-4,CAMP_SAN_01,P07,300,BOGOF,45,191
3.56E+10,STMDU-3,CAMP_SAN_01,P08,1190,BOGOF,36,145
a26b45,STBLR-3,CAMP_DIW_01,P01,172,33% OFF,287,413
fe7b5d,STHYD-2,CAMP_SAN_01,P03,200,BOGOF,472,1902
8d68bc,STHYD-2,CAMP_DIW_01,P03,156,25% OFF,357,289
9bc176,STHYD-3,CAMP_SAN_01,P04,370,BOGOF,416,1085
17df71,STHYD-0,CAMP_SAN_01,P08,1190,BOGOF,46,179
342d35,STCBE-3,CAMP_DIW_01,P08,1190,BOGOF,29,96
d8f51c,STMYS-1,CAMP_DIW_01,P15,3000,500 Cashback,449,1499
cd36b2,STCHE-4,CAMP_DIW_01,P10,65,50% OFF,127,168
780aaa,STMYS-1,CAMP_SAN_01,P06,415,25% OFF,19,14
decd5e,STMDU-2,CAMP_SAN_01,P10,50,25% OFF,21,17
d88318,STCHE-5,CAMP_DIW_01,P08,1190,BOGOF,45,149
bf2632,STCHE-1,CAMP_SAN_01,P12,62,50% OFF,57,66
902903,STVSK-2,CAMP_DIW_01,P13,350,BOGOF,49,164
8481be,STCHE-1,CAMP_DIW_01,P04,290,25% OFF,327,287
333ef0,STHYD-0,CAMP_DIW_01,P14,1020,BOGOF,47,163
5dd3d3,STVJD-0,CAMP_DIW_01,P09,110,50% OFF,40,54
98cc83,STVSK-0,CAMP_DIW_01,P10,65,50% OFF,84,127
5a6ad7,STBLR-9,CAMP_DIW_01,P14,1020,BOGOF,45,153
b0cc1e,STBLR-9,CAMP_SAN_01,P02,860,33% OFF,610,847
21b73e,STTRV-0,CAMP_DIW_01,P05,55,25% OFF,61,59
c3c9e3,STVSK-1,CAMP_DIW_01,P15,3000,500 Cashback,301,869
b76f57,STBLR-8,CAMP_DIW_01,P13,350,BOGOF,66,220
95792f,STMDU-2,CAMP_SAN_01,P15,3000,500 Cashback,106,243
53b2fd,STHYD-6,CAMP_DIW_01,P01,172,33% OFF,320,467
6a54d2,STCHE-5,CAMP_SAN_01,P01,172,33% OFF,303,360
cb7ddd,STVJD-1,CAMP_DIW_01,P09,110,50% OFF,49,65
f57184,STHYD-5,CAMP_SAN_01,P05,55,25% OFF,21,18
4f76ac,STMYS-3,CAMP_DIW_01,P04,290,25% OFF,383,344
3b086a,STBLR-4,CAMP_SAN_01,P06,415,25% OFF,36,29
0cc836,STVSK-0,CAMP_SAN_01,P05,55,25% OFF,18,14
aacd2a,STMYS-3,CAMP_SAN_01,P10,50,25% OFF,25,21
3968a6,STMYS-3,CAMP_SAN_01,P05,55,25% OFF,19,16
fc2170,STCBE-3,CAMP_SAN_01,P08,1190,BOGOF,40,158
368ca0,STBLR-4,CAMP_SAN_01,P04,370,BOGOF,432,1736
729701,STVSK-2,CAMP_SAN_01,P06,415,25% OFF,22,18
6d863b,STCBE-1,CAMP_SAN_01,P07,300,BOGOF,40,155
1d651c,STCHE-5,CAMP_SAN_01,P15,3000,500 Cashback,121,273
a7aa70,STMDU-2,CAMP_SAN_01,P11,190,50% OFF,25,28
06c981,STHYD-2,CAMP_DIW_01,P14,1020,BOGOF,42,139
626cb9,STMLR-0,CAMP_DIW_01,P09,110,50% OFF,36,48
6c1493,STVJD-1,CAMP_SAN_01,P15,3000,500 Cashback,66,144
c22ead,STBLR-6,CAMP_SAN_01,P11,190,50% OFF,43,66
a35a4f,STCHE-6,CAMP_DIW_01,P10,65,50% OFF,122,153
4f7c26,STCBE-4,CAMP_DIW_01,P15,3000,500 Cashback,316,818
c4dae9,STHYD-0,CAMP_DIW_01,P08,1190,BOGOF,52,180
f199be,STBLR-6,CAMP_DIW_01,P06,415,25% OFF,87,78
c1debe,STCHE-3,CAMP_DIW_01,P15,3000,500 Cashback,381,1303
d61f6f,STHYD-3,CAMP_SAN_01,P03,200,BOGOF,331,903
459bc3,STBLR-8,CAMP_SAN_01,P13,350,BOGOF,97,378
ed90b8,STVSK-4,CAMP_SAN_01,P05,55,25% OFF,18,13
8fecef,STCHE-1,CAMP_DIW_01,P07,300,BOGOF,75,217
dc2bb1,STMYS-3,CAMP_SAN_01,P02,860,33% OFF,400,476
13a676,STCBE-4,CAMP_DIW_01,P01,172,33% OFF,203,296
42fb76,STHYD-5,CAMP_DIW_01,P10,65,50% OFF,112,151
f741af,STHYD-2,CAMP_SAN_01,P01,172,33% OFF,333,456
5c6465,STHYD-5,CAMP_SAN_01,P08,1190,BOGOF,36,139
2ba228,STCHE-5,CAMP_DIW_01,P02,860,33% OFF,316,388
21ac82,STHYD-2,CAMP_SAN_01,P06,415,25% OFF,46,34
8e97d1,STBLR-7,CAMP_SAN_01,P09,90,25% OFF,72,58
335090,STMYS-0,CAMP_DIW_01,P15,3000,500 Cashback,262,673
fc8d10,STMLR-0,CAMP_SAN_01,P08,1190,BOGOF,27,70
9a425b,STCBE-0,CAMP_DIW_01,P03,156,25% OFF,276,267
4f570c,STBLR-7,CAMP_DIW_01,P05,55,25% OFF,122,107
d1138a,STTRV-1,CAMP_DIW_01,P12,62,50% OFF,63,84
b6dd84,STVJD-1,CAMP_SAN_01,P01,172,33% OFF,166,225
151c7d,STMLR-1,CAMP_DIW_01,P06,415,25% OFF,49,42
240703,STHYD-5,CAMP_SAN_01,P02,860,33% OFF,471,659
8d5095,STCBE-2,CAMP_DIW_01,P15,3000,500 Cashback,234,840
efd0d2,STMYS-2,CAMP_DIW_01,P15,3000,500 Cashback,486,1273
8ef678,STMYS-3,CAMP_DIW_01,P01,172,33% OFF,311,398
4ca177,STVSK-4,CAMP_SAN_01,P14,1020,BOGOF,75,198
fc3f51,STBLR-6,CAMP_SAN_01,P07,300,BOGOF,40,165
f3d93f,STHYD-4,CAMP_DIW_01,P09,110,50% OFF,73,95
792708,STBLR-5,CAMP_SAN_01,P13,350,BOGOF,115,445
4692bf,STMLR-0,CAMP_SAN_01,P04,370,BOGOF,267,731
deb3a5,STHYD-2,CAMP_SAN_01,P12,62,50% OFF,52,72
a0dc46,STHYD-3,CAMP_DIW_01,P05,55,25% OFF,129,104
bb447f,STCBE-3,CAMP_SAN_01,P12,62,50% OFF,36,55
fa1dd3,STCHE-3,CAMP_SAN_01,P15,3000,500 Cashback,127,367
837127,STVJD-0,CAMP_DIW_01,P03,156,25% OFF,208,197
6aae63,STMYS-2,CAMP_DIW_01,P13,350,BOGOF,63,189
a24528,STVSK-2,CAMP_DIW_01,P05,55,25% OFF,70,62
4ff977,STVSK-4,CAMP_DIW_01,P15,3000,500 Cashback,292,750
3.42E+08,STMDU-3,CAMP_SAN_01,P11,190,50% OFF,34,38
f8b215,STBLR-4,CAMP_DIW_01,P14,1020,BOGOF,40,138
f6c17f,STBLR-0,CAMP_SAN_01,P09,90,25% OFF,54,45
67f756,STHYD-5,CAMP_SAN_01,P13,350,BOGOF,111,441
d6cc80,STCHE-4,CAMP_DIW_01,P07,300,BOGOF,61,236
9d9a6c,STCBE-1,CAMP_SAN_01,P15,3000,500 Cashback,82,190
7ae5f8,STCHE-7,CAMP_DIW_01,P11,190,50% OFF,87,114
fedf26,STMLR-2,CAMP_SAN_01,P10,50,25% OFF,19,15
bfdede,STMYS-2,CAMP_SAN_01,P11,190,50% OFF,61,86
e2f806,STMDU-1,CAMP_DIW_01,P14,1020,BOGOF,36,126
2706c5,STMYS-2,CAMP_DIW_01,P12,62,50% OFF,77,97
79f662,STVSK-1,CAMP_SAN_01,P09,90,25% OFF,40,28
3133f3,STCHE-5,CAMP_SAN_01,P09,90,25% OFF,63,53
fd4e7e,STCBE-4,CAMP_SAN_01,P03,200,BOGOF,336,913
77c6d5,STCHE-1,CAMP_DIW_01,P09,110,50% OFF,59,67
0d23fe,STVSK-4,CAMP_DIW_01,P09,110,50% OFF,63,86
221da2,STCBE-3,CAMP_SAN_01,P15,3000,500 Cashback,91,211
b1a501,STBLR-0,CAMP_DIW_01,P11,190,50% OFF,80,108
4e42b9,STHYD-4,CAMP_SAN_01,P03,200,BOGOF,376,1447
1e5ae7,STCHE-7,CAMP_SAN_01,P09,90,25% OFF,54,51
078a6a,STMDU-0,CAMP_SAN_01,P09,90,25% OFF,57,47
8dca75,STBLR-5,CAMP_DIW_01,P13,350,BOGOF,71,248
4eb35e,STCHE-6,CAMP_SAN_01,P04,370,BOGOF,483,1907
73ad85,STHYD-5,CAMP_DIW_01,P05,55,25% OFF,106,102
b98ea0,STCHE-3,CAMP_SAN_01,P11,190,50% OFF,48,69
4406de,STVSK-1,CAMP_SAN_01,P11,190,50% OFF,28,40
e98f37,STBLR-3,CAMP_DIW_01,P08,1190,BOGOF,43,145
311946,STBLR-5,CAMP_DIW_01,P05,55,25% OFF,119,107
598637,STCHE-7,CAMP_DIW_01,P09,110,50% OFF,71,90
a2fd0b,STBLR-6,CAMP_DIW_01,P12,62,50% OFF,112,165
53089f,STTRV-0,CAMP_DIW_01,P07,300,BOGOF,26,87
82ff02,STMDU-0,CAMP_SAN_01,P10,50,25% OFF,22,18
20618e,STCHE-3,CAMP_SAN_01,P04,370,BOGOF,379,1622
1b6084,STMLR-1,CAMP_DIW_01,P01,172,33% OFF,141,217
4cd59b,STVSK-0,CAMP_SAN_01,P09,90,25% OFF,42,35
716a3b,STCHE-5,CAMP_SAN_01,P14,1020,BOGOF,130,514
c32fcd,STHYD-3,CAMP_SAN_01,P08,1190,BOGOF,73,192
f517b1,STVSK-4,CAMP_SAN_01,P07,300,BOGOF,33,83
f2d468,STTRV-0,CAMP_SAN_01,P03,200,BOGOF,190,741
371e1a,STBLR-5,CAMP_DIW_01,P01,172,33% OFF,322,483
9bd616,STCHE-0,CAMP_DIW_01,P01,172,33% OFF,330,504
1c9eaa,STBLR-6,CAMP_DIW_01,P02,860,33% OFF,367,612
1b0022,STVSK-0,CAMP_SAN_01,P04,370,BOGOF,370,1457
ad2ad4,STMDU-3,CAMP_DIW_01,P04,290,25% OFF,197,175
fad26a,STCHE-3,CAMP_DIW_01,P01,172,33% OFF,369,546
26a18a,STVSK-3,CAMP_SAN_01,P15,3000,500 Cashback,109,192
d3d574,STMLR-2,CAMP_SAN_01,P08,1190,BOGOF,16,63
0edad5,STTRV-1,CAMP_SAN_01,P13,350,BOGOF,51,205
46ee5a,STCBE-3,CAMP_DIW_01,P04,290,25% OFF,246,214
9d3d1f,STCHE-6,CAMP_SAN_01,P15,3000,500 Cashback,147,320
caa1e1,STCHE-5,CAMP_SAN_01,P03,200,BOGOF,432,1736
7d9576,STBLR-7,CAMP_SAN_01,P15,3000,500 Cashback,120,345
59f792,STCHE-4,CAMP_DIW_01,P15,3000,500 Cashback,448,1545
86206,STHYD-1,CAMP_SAN_01,P14,1020,BOGOF,102,279
457639,STCHE-4,CAMP_SAN_01,P08,1190,BOGOF,54,222
5f18fc,STVJD-1,CAMP_SAN_01,P10,50,25% OFF,18,13
2fe921,STCHE-0,CAMP_SAN_01,P05,55,25% OFF,25,21
5760fd,STCBE-1,CAMP_SAN_01,P13,350,BOGOF,87,346
715baf,STHYD-3,CAMP_DIW_01,P13,350,BOGOF,82,239
d04bc1,STCBE-0,CAMP_SAN_01,P09,90,25% OFF,49,46
269cec,STBLR-6,CAMP_SAN_01,P02,860,33% OFF,532,813
41dc33,STHYD-1,CAMP_SAN_01,P10,50,25% OFF,36,29
420258,STVSK-3,CAMP_SAN_01,P14,1020,BOGOF,54,137
005c46,STCBE-2,CAMP_SAN_01,P05,55,25% OFF,18,15
642b50,STMYS-1,CAMP_DIW_01,P14,1020,BOGOF,36,145
93118f,STVSK-0,CAMP_SAN_01,P03,200,BOGOF,261,1041
5e0a8c,STBLR-5,CAMP_SAN_01,P12,62,50% OFF,55,77
8ba5a1,STBLR-6,CAMP_DIW_01,P09,110,50% OFF,84,131
eb967c,STMYS-1,CAMP_SAN_01,P15,3000,500 Cashback,133,383
726ac4,STBLR-5,CAMP_SAN_01,P04,370,BOGOF,454,1756
f8b6ac,STCHE-4,CAMP_DIW_01,P02,860,33% OFF,400,580
a83e09,STMDU-3,CAMP_SAN_01,P07,300,BOGOF,22,88
417902,STMDU-0,CAMP_DIW_01,P08,1190,BOGOF,29,116
3100ef,STBLR-5,CAMP_SAN_01,P09,90,25% OFF,67,56
20da13,STBLR-4,CAMP_SAN_01,P07,300,BOGOF,48,185
380a4f,STCHE-1,CAMP_DIW_01,P08,1190,BOGOF,45,137
8c13bb,STBLR-5,CAMP_DIW_01,P08,1190,BOGOF,47,159
d70dcb,STCBE-4,CAMP_SAN_01,P15,3000,500 Cashback,90,146
367337,STCHE-6,CAMP_SAN_01,P09,90,25% OFF,81,60
ff3c54,STCHE-3,CAMP_SAN_01,P05,55,25% OFF,24,19
bae5cb,STVSK-3,CAMP_SAN_01,P11,190,50% OFF,34,39
23ef05,STVSK-0,CAMP_DIW_01,P12,62,50% OFF,78,121
49057f,STHYD-0,CAMP_SAN_01,P15,3000,500 Cashback,121,274
f3de30,STMLR-1,CAMP_SAN_01,P12,62,50% OFF,31,45
ac0b1c,STMYS-3,CAMP_SAN_01,P14,1020,BOGOF,78,331
75c3a0,STBLR-0,CAMP_DIW_01,P13,350,BOGOF,73,282
5715c0,STVSK-1,CAMP_SAN_01,P12,62,50% OFF,46,66
e5db3d,STCBE-0,CAMP_DIW_01,P08,1190,BOGOF,29,98
ef61c6,STHYD-2,CAMP_SAN_01,P07,300,BOGOF,48,188
0eb526,STMLR-0,CAMP_DIW_01,P07,300,BOGOF,38,113
eb8939,STBLR-9,CAMP_DIW_01,P06,415,25% OFF,91,89
316cd1,STMYS-2,CAMP_SAN_01,P07,300,BOGOF,45,122
5a94d6,STVSK-0,CAMP_DIW_01,P06,415,25% OFF,64,58
ff8f10,STMDU-0,CAMP_SAN_01,P11,190,50% OFF,34,47
9ff8d2,STBLR-1,CAMP_DIW_01,P06,415,25% OFF,87,82
0c0926,STMDU-3,CAMP_DIW_01,P08,1190,BOGOF,26,91
252235,STHYD-4,CAMP_DIW_01,P07,300,BOGOF,64,223
41d6bd,STCHE-1,CAMP_SAN_01,P03,200,BOGOF,424,1127
73c8f5,STVSK-3,CAMP_DIW_01,P01,172,33% OFF,229,293
1f0eaf,STBLR-6,CAMP_SAN_01,P15,3000,500 Cashback,147,385
bb62b3,STHYD-6,CAMP_SAN_01,P03,200,BOGOF,378,1459
6c43b6,STMLR-1,CAMP_DIW_01,P07,300,BOGOF,29,97
86ec8d,STMDU-3,CAMP_SAN_01,P04,370,BOGOF,303,1172
35463c,STCBE-0,CAMP_DIW_01,P04,290,25% OFF,211,202
95f061,STMYS-3,CAMP_SAN_01,P15,3000,500 Cashback,160,443
693b77,STMLR-0,CAMP_DIW_01,P12,62,50% OFF,70,88
4ca50a,STHYD-3,CAMP_DIW_01,P08,1190,BOGOF,50,156
01b425,STMYS-3,CAMP_DIW_01,P09,110,50% OFF,68,76
d3d442,STBLR-5,CAMP_SAN_01,P15,3000,500 Cashback,166,396
b17f27,STCBE-0,CAMP_DIW_01,P06,415,25% OFF,59,56
be6ab1,STCHE-4,CAMP_SAN_01,P09,90,25% OFF,73,60
cf0ccd,STVSK-1,CAMP_DIW_01,P08,1190,BOGOF,35,117
d7798b,STMYS-2,CAMP_SAN_01,P02,860,33% OFF,484,677
e93b62,STCHE-2,CAMP_SAN_01,P04,370,BOGOF,513,2067
65f085,STCHE-4,CAMP_SAN_01,P12,62,50% OFF,60,87
39d354,STMYS-0,CAMP_DIW_01,P06,415,25% OFF,57,49
90f2d8,STMDU-2,CAMP_DIW_01,P10,65,50% OFF,61,71
d04c7f,STBLR-9,CAMP_SAN_01,P07,300,BOGOF,40,159
7b51be,STCHE-5,CAMP_SAN_01,P04,370,BOGOF,403,1587
68c31e,STBLR-7,CAMP_SAN_01,P08,1190,BOGOF,54,235
b6233e,STMLR-2,CAMP_DIW_01,P01,172,33% OFF,175,222
4b411a,STVJD-0,CAMP_DIW_01,P15,3000,500 Cashback,218,673
dd9914,STVSK-1,CAMP_DIW_01,P10,65,50% OFF,98,132
874377,STHYD-3,CAMP_DIW_01,P02,860,33% OFF,365,616
7.83E+87,STMDU-3,CAMP_DIW_01,P14,1020,BOGOF,31,108
6a1564,STMDU-3,CAMP_DIW_01,P15,3000,500 Cashback,334,1022
ac0b82,STMYS-0,CAMP_DIW_01,P04,290,25% OFF,234,205
19d7b5,STMYS-1,CAMP_SAN_01,P03,200,BOGOF,382,1596
9d7bd2,STCHE-5,CAMP_DIW_01,P03,156,25% OFF,413,375
17edbc,STMYS-1,CAMP_DIW_01,P03,156,25% OFF,281,230
38bf1b,STCHE-1,CAMP_SAN_01,P05,55,25% OFF,30,25
4cc388,STBLR-7,CAMP_SAN_01,P02,860,33% OFF,526,799
c115da,STCHE-2,CAMP_DIW_01,P13,350,BOGOF,84,293
1271,STCBE-2,CAMP_SAN_01,P13,350,BOGOF,121,500
3bf731,STVSK-3,CAMP_SAN_01,P04,370,BOGOF,265,673
07e4ea,STHYD-6,CAMP_SAN_01,P04,370,BOGOF,486,1890
a1ef43,STTRV-1,CAMP_SAN_01,P12,62,50% OFF,27,38
1cfaa8,STBLR-2,CAMP_SAN_01,P08,1190,BOGOF,43,166
2eb400,STBLR-5,CAMP_SAN_01,P07,300,BOGOF,52,207
cd3392,STCHE-6,CAMP_SAN_01,P07,300,BOGOF,31,123
141d98,STCHE-4,CAMP_SAN_01,P03,200,BOGOF,387,1695
e74698,STBLR-5,CAMP_DIW_01,P14,1020,BOGOF,43,144
512d92,STCHE-4,CAMP_DIW_01,P09,110,50% OFF,87,115
ce3c11,STHYD-4,CAMP_DIW_01,P14,1020,BOGOF,52,176
6.20E+94,STMYS-0,CAMP_SAN_01,P08,1190,BOGOF,48,129
315542,STVJD-1,CAMP_SAN_01,P03,200,BOGOF,183,710
42a404,STCBE-1,CAMP_SAN_01,P12,62,50% OFF,42,48
7a2a47,STBLR-7,CAMP_DIW_01,P07,300,BOGOF,64,254
ad9ba5,STHYD-5,CAMP_DIW_01,P01,172,33% OFF,337,485
3080c6,STVSK-4,CAMP_DIW_01,P14,1020,BOGOF,38,114
c11cad,STMYS-2,CAMP_SAN_01,P09,90,25% OFF,61,50
8a219d,STBLR-8,CAMP_DIW_01,P08,1190,BOGOF,64,218
3ec68b,STBLR-1,CAMP_DIW_01,P09,110,50% OFF,73,95
0690d9,STHYD-3,CAMP_DIW_01,P15,3000,500 Cashback,418,1082
c7f28c,STBLR-0,CAMP_SAN_01,P15,3000,500 Cashback,144,374
94102d,STBLR-4,CAMP_SAN_01,P12,62,50% OFF,64,92
74657,STMLR-0,CAMP_DIW_01,P02,860,33% OFF,194,271
f46036,STVSK-4,CAMP_DIW_01,P13,350,BOGOF,61,178
c74866,STBLR-5,CAMP_DIW_01,P10,65,50% OFF,115,151
ab6327,STHYD-1,CAMP_SAN_01,P04,370,BOGOF,444,1123
41cb8f,STBLR-6,CAMP_DIW_01,P03,156,25% OFF,402,353
9a13a5,STHYD-4,CAMP_DIW_01,P11,190,50% OFF,82,107
cac6b5,STCBE-4,CAMP_SAN_01,P11,190,50% OFF,28,39
2c0a90,STMDU-2,CAMP_SAN_01,P12,62,50% OFF,36,42
7a9ebd,STTRV-0,CAMP_DIW_01,P11,190,50% OFF,33,42
19352c,STBLR-4,CAMP_SAN_01,P02,860,33% OFF,501,701
415f7e,STVSK-2,CAMP_SAN_01,P07,300,BOGOF,24,93
5c7b20,STCBE-4,CAMP_DIW_01,P05,55,25% OFF,101,89
c6693c,STBLR-1,CAMP_SAN_01,P04,370,BOGOF,413,1102
0f750a,STBLR-0,CAMP_SAN_01,P02,860,33% OFF,451,613
d31554,STMDU-2,CAMP_DIW_01,P05,55,25% OFF,80,70
7151bb,STBLR-6,CAMP_DIW_01,P13,350,BOGOF,98,372
8f9cc5,STMLR-1,CAMP_DIW_01,P08,1190,BOGOF,29,100
d81627,STCBE-2,CAMP_SAN_01,P04,370,BOGOF,355,1508
6e5da9,STVJD-0,CAMP_SAN_01,P11,190,50% OFF,25,35
6e412f,STBLR-7,CAMP_SAN_01,P06,415,25% OFF,34,28
b110d3,STCBE-3,CAMP_SAN_01,P06,415,25% OFF,18,14
c2ee4f,STVSK-3,CAMP_SAN_01,P13,350,BOGOF,58,148
e45c30,STMDU-1,CAMP_DIW_01,P06,415,25% OFF,70,63
353060,STBLR-7,CAMP_SAN_01,P11,190,50% OFF,45,73
461ad4,STTRV-1,CAMP_DIW_01,P09,110,50% OFF,42,55
cbf0ad,STCHE-6,CAMP_SAN_01,P03,200,BOGOF,358,1410
207744,STBLR-0,CAMP_SAN_01,P12,62,50% OFF,52,75
ff02ae,STCBE-3,CAMP_DIW_01,P11,190,50% OFF,66,102
6cb844,STBLR-3,CAMP_SAN_01,P10,50,25% OFF,28,21
2b41a0,STBLR-3,CAMP_SAN_01,P02,860,33% OFF,450,634
a50d87,STCBE-3,CAMP_DIW_01,P10,65,50% OFF,82,122
18810a,STMYS-1,CAMP_DIW_01,P02,860,33% OFF,395,711
608271,STMDU-0,CAMP_SAN_01,P15,3000,500 Cashback,122,342
edacb9,STCHE-3,CAMP_DIW_01,P10,65,50% OFF,119,154
ce95b1,STCHE-2,CAMP_DIW_01,P12,62,50% OFF,119,138
6ae240,STBLR-4,CAMP_SAN_01,P13,350,BOGOF,94,371
e2f6b2,STCHE-1,CAMP_DIW_01,P15,3000,500 Cashback,316,859
6b0ee6,STMDU-1,CAMP_DIW_01,P07,300,BOGOF,47,157
0aefa5,STVSK-3,CAMP_SAN_01,P06,415,25% OFF,33,27
0f3f34,STCHE-1,CAMP_DIW_01,P06,415,25% OFF,99,87
ed7b12,STVSK-0,CAMP_SAN_01,P10,50,25% OFF,16,13
debbd7,STCBE-0,CAMP_SAN_01,P11,190,50% OFF,45,72
2b8abd,STCHE-2,CAMP_SAN_01,P14,1020,BOGOF,105,407
0da7fd,STVSK-0,CAMP_SAN_01,P02,860,33% OFF,408,632
d58c29,STVSK-2,CAMP_SAN_01,P08,1190,BOGOF,27,107
861506,STCHE-6,CAMP_DIW_01,P03,156,25% OFF,334,260
fd48ff,STCBE-0,CAMP_SAN_01,P04,370,BOGOF,367,1423
7912c8,STVSK-3,CAMP_SAN_01,P05,55,25% OFF,19,15
1768c2,STHYD-0,CAMP_DIW_01,P02,860,33% OFF,367,601
61089e,STHYD-5,CAMP_SAN_01,P04,370,BOGOF,412,1615
e5e244,STBLR-5,CAMP_DIW_01,P02,860,33% OFF,351,526
1f8bc3,STCBE-2,CAMP_DIW_01,P01,172,33% OFF,190,313
5.00E+300,STVJD-1,CAMP_DIW_01,P14,1020,BOGOF,24,80
e8d896,STCHE-1,CAMP_SAN_01,P10,50,25% OFF,40,33
2dd3f7,STHYD-4,CAMP_DIW_01,P03,156,25% OFF,341,327
b7db9e,STHYD-4,CAMP_DIW_01,P05,55,25% OFF,106,101
13d333,STCHE-7,CAMP_SAN_01,P01,172,33% OFF,256,358
77435f,STBLR-3,CAMP_SAN_01,P01,172,33% OFF,277,387
3181a7,STCBE-1,CAMP_SAN_01,P11,190,50% OFF,28,31
3ea719,STBLR-7,CAMP_DIW_01,P02,860,33% OFF,336,577
3d8361,STMYS-1,CAMP_DIW_01,P08,1190,BOGOF,47,184
0d853d,STHYD-4,CAMP_SAN_01,P02,860,33% OFF,594,819
4d9f1a,STCBE-1,CAMP_DIW_01,P09,110,50% OFF,59,69
ea384f,STBLR-7,CAMP_SAN_01,P10,50,25% OFF,40,33
9fcb92,STMDU-2,CAMP_DIW_01,P15,3000,500 Cashback,315,976
b97eb0,STBLR-2,CAMP_SAN_01,P11,190,50% OFF,49,68
90110c,STHYD-0,CAMP_SAN_01,P04,370,BOGOF,412,1615
72eed8,STHYD-4,CAMP_DIW_01,P04,290,25% OFF,376,360
d552e3,STMDU-3,CAMP_SAN_01,P12,62,50% OFF,45,53
74399f,STMYS-3,CAMP_DIW_01,P13,350,BOGOF,73,282
f9b0ef,STVJD-0,CAMP_DIW_01,P05,55,25% OFF,56,54
b838cd,STTRV-1,CAMP_DIW_01,P01,172,33% OFF,147,214
191614,STMYS-3,CAMP_DIW_01,P10,65,50% OFF,103,109
15265d,STCHE-5,CAMP_SAN_01,P12,62,50% OFF,58,65
166989,STCBE-1,CAMP_SAN_01,P01,172,33% OFF,169,206
18f69b,STMLR-2,CAMP_DIW_01,P10,65,50% OFF,61,68
2cc7f0,STMDU-3,CAMP_SAN_01,P02,860,33% OFF,457,548
f65a1e,STVSK-4,CAMP_DIW_01,P04,290,25% OFF,255,196
bff226,STCBE-1,CAMP_DIW_01,P06,415,25% OFF,57,44
d0356d,STCHE-0,CAMP_DIW_01,P08,1190,BOGOF,45,152
262ff3,STVSK-0,CAMP_DIW_01,P13,350,BOGOF,47,161
0953d7,STVSK-1,CAMP_SAN_01,P02,860,33% OFF,387,530
d2a08d,STCHE-5,CAMP_DIW_01,P10,65,50% OFF,141,157
d33904,STMYS-3,CAMP_DIW_01,P07,300,BOGOF,59,233
13fd74,STMDU-3,CAMP_DIW_01,P05,55,25% OFF,64,58
c3ae5a,STBLR-1,CAMP_SAN_01,P11,190,50% OFF,39,55
2384f8,STMYS-0,CAMP_DIW_01,P09,110,50% OFF,70,87
14f79d,STVSK-1,CAMP_DIW_01,P04,290,25% OFF,252,196
89bbca,STCBE-4,CAMP_DIW_01,P13,350,BOGOF,42,128
61f82c,STBLR-5,CAMP_DIW_01,P11,190,50% OFF,63,81
bcad3c,STMDU-0,CAMP_DIW_01,P01,172,33% OFF,201,305
2749b0,STCHE-5,CAMP_SAN_01,P11,190,50% OFF,34,39
9ce293,STMDU-1,CAMP_SAN_01,P03,200,BOGOF,255,1009
93dff2,STBLR-3,CAMP_DIW_01,P03,156,25% OFF,390,308
339bf7,STCHE-5,CAMP_DIW_01,P05,55,25% OFF,127,109
5c8834,STBLR-2,CAMP_SAN_01,P05,55,25% OFF,24,19
4162d7,STHYD-2,CAMP_DIW_01,P05,55,25% OFF,110,86
60170c,STHYD-4,CAMP_DIW_01,P08,1190,BOGOF,63,208
4fbcf6,STHYD-1,CAMP_SAN_01,P06,415,25% OFF,27,22
1f1b71,STMDU-3,CAMP_SAN_01,P01,172,33% OFF,214,267
96a556,STBLR-1,CAMP_DIW_01,P02,860,33% OFF,358,537
6846a8,STVSK-0,CAMP_DIW_01,P04,290,25% OFF,201,174
0a453f,STMYS-0,CAMP_DIW_01,P03,156,25% OFF,301,264
fcee36,STMYS-0,CAMP_SAN_01,P12,62,50% OFF,66,92
58ce38,STBLR-3,CAMP_SAN_01,P13,350,BOGOF,118,455
4a5884,STHYD-0,CAMP_SAN_01,P12,62,50% OFF,57,90
e7769b,STHYD-5,CAMP_DIW_01,P15,3000,500 Cashback,357,1046
27c86c,STBLR-2,CAMP_DIW_01,P06,415,25% OFF,92,81
f35446,STTRV-0,CAMP_DIW_01,P09,110,50% OFF,33,43
4a42f9,STBLR-7,CAMP_DIW_01,P08,1190,BOGOF,49,186
9413a7,STHYD-3,CAMP_DIW_01,P11,190,50% OFF,80,124
b97dfe,STBLR-2,CAMP_DIW_01,P07,300,BOGOF,56,196
950a84,STBLR-9,CAMP_SAN_01,P11,190,50% OFF,52,73
686a37,STBLR-0,CAMP_SAN_01,P14,1020,BOGOF,85,350
f0500d,STCHE-6,CAMP_DIW_01,P09,110,50% OFF,66,82
c16abb,STCHE-7,CAMP_SAN_01,P08,1190,BOGOF,42,186
581ca5,STMDU-0,CAMP_SAN_01,P13,350,BOGOF,90,371
36968d,STMDU-1,CAMP_SAN_01,P02,860,33% OFF,289,404
f8a417,STCBE-4,CAMP_SAN_01,P12,62,50% OFF,37,53
400cab,STCHE-4,CAMP_SAN_01,P02,860,33% OFF,642,918
ef7122,STMLR-1,CAMP_DIW_01,P15,3000,500 Cashback,211,614
66b476,STBLR-6,CAMP_DIW_01,P10,65,50% OFF,103,160
5bbf38,STBLR-0,CAMP_DIW_01,P09,110,50% OFF,78,104
e67501,STVSK-4,CAMP_SAN_01,P13,350,BOGOF,85,215
3.14E+36,STCBE-4,CAMP_DIW_01,P04,290,25% OFF,252,226
98d4e3,STMLR-2,CAMP_SAN_01,P13,350,BOGOF,70,281
60229b,STCBE-3,CAMP_DIW_01,P01,172,33% OFF,241,404
35a25f,STBLR-9,CAMP_DIW_01,P11,190,50% OFF,75,98
4cf56a,STBLR-9,CAMP_DIW_01,P04,290,25% OFF,311,304
4d3722,STMLR-0,CAMP_DIW_01,P04,290,25% OFF,175,150
5e59a1,STTRV-0,CAMP_SAN_01,P05,55,25% OFF,12,11
0f8686,STVSK-0,CAMP_SAN_01,P07,300,BOGOF,24,92
c092d4,STBLR-4,CAMP_DIW_01,P07,300,BOGOF,70,243
24541f,STBLR-1,CAMP_SAN_01,P13,350,BOGOF,111,290
8.31E+08,STCBE-2,CAMP_DIW_01,P08,1190,BOGOF,33,129
ebbe5d,STCHE-2,CAMP_SAN_01,P06,415,25% OFF,25,22
2ae8b8,STCBE-2,CAMP_SAN_01,P10,50,25% OFF,22,18
dafaa4,STVJD-1,CAMP_SAN_01,P05,55,25% OFF,13,9
4f757f,STMYS-1,CAMP_SAN_01,P13,350,BOGOF,129,540
0894b7,STCHE-3,CAMP_SAN_01,P08,1190,BOGOF,46,203
a80b87,STVSK-0,CAMP_DIW_01,P11,190,50% OFF,49,76
3f9b4d,STHYD-5,CAMP_SAN_01,P09,90,25% OFF,66,62
6ed2f5,STBLR-4,CAMP_DIW_01,P13,350,BOGOF,84,285
1.53E+07,STCHE-7,CAMP_SAN_01,P12,62,50% OFF,67,95
855f49,STBLR-3,CAMP_SAN_01,P04,370,BOGOF,481,1890
4a8c38,STCHE-0,CAMP_SAN_01,P04,370,BOGOF,469,1861
1a1a02,STBLR-0,CAMP_SAN_01,P04,370,BOGOF,465,2064
1a4a61,STCHE-1,CAMP_SAN_01,P06,415,25% OFF,36,29
aeed36,STBLR-6,CAMP_SAN_01,P12,62,50% OFF,54,83
e23132,STVJD-0,CAMP_DIW_01,P08,1190,BOGOF,26,86
d76198,STCHE-4,CAMP_DIW_01,P08,1190,BOGOF,54,213
0ae76a,STMLR-1,CAMP_SAN_01,P11,190,50% OFF,21,30
ce39e4,STMLR-1,CAMP_DIW_01,P13,350,BOGOF,42,145
8869,STCBE-4,CAMP_SAN_01,P13,350,BOGOF,75,200
fcf54a,STCHE-7,CAMP_DIW_01,P04,290,25% OFF,348,334
0b9826,STHYD-6,CAMP_DIW_01,P11,190,50% OFF,57,71
fbab9b,STMYS-1,CAMP_DIW_01,P01,172,33% OFF,334,591
e2c229,STTRV-1,CAMP_SAN_01,P15,3000,500 Cashback,54,125
2e48c4,STVSK-0,CAMP_DIW_01,P09,110,50% OFF,50,76
171bbb,STTRV-0,CAMP_SAN_01,P15,3000,500 Cashback,79,171
ace471,STMDU-0,CAMP_SAN_01,P04,370,BOGOF,273,1201
a26e60,STTRV-1,CAMP_DIW_01,P13,350,BOGOF,36,122
cb43c4,STCHE-0,CAMP_SAN_01,P14,1020,BOGOF,106,424
ba72b1,STMDU-1,CAMP_SAN_01,P05,55,25% OFF,15,12
e89f85,STCBE-1,CAMP_SAN_01,P05,55,25% OFF,25,18
c95efb,STBLR-7,CAMP_DIW_01,P15,3000,500 Cashback,416,1389
dec49d,STMDU-2,CAMP_SAN_01,P05,55,25% OFF,21,17
a5800c,STMYS-3,CAMP_SAN_01,P12,62,50% OFF,60,67
5d5637,STCHE-0,CAMP_DIW_01,P09,110,50% OFF,94,119
f9d2c6,STBLR-9,CAMP_SAN_01,P14,1020,BOGOF,111,429
0ee55a,STHYD-5,CAMP_DIW_01,P06,415,25% OFF,82,80
1192bc,STCBE-4,CAMP_DIW_01,P11,190,50% OFF,59,79
be65d7,STTRV-0,CAMP_DIW_01,P12,62,50% OFF,54,68
6bb477,STHYD-1,CAMP_DIW_01,P04,290,25% OFF,318,276
a2d32f,STVSK-3,CAMP_SAN_01,P09,90,25% OFF,39,31
5f29e7,STMLR-1,CAMP_DIW_01,P12,62,50% OFF,71,90
802dfa,STBLR-3,CAMP_SAN_01,P07,300,BOGOF,54,217
0b38d9,STMYS-3,CAMP_DIW_01,P08,1190,BOGOF,29,115
f013a9,STMYS-2,CAMP_SAN_01,P14,1020,BOGOF,105,276
ea916f,STTRV-0,CAMP_SAN_01,P10,50,25% OFF,18,16
2.70E+61,STHYD-1,CAMP_DIW_01,P05,55,25% OFF,110,96
bd3f78,STHYD-0,CAMP_DIW_01,P11,190,50% OFF,68,104
feadc3,STCBE-0,CAMP_SAN_01,P05,55,25% OFF,21,19
f41256,STMLR-1,CAMP_SAN_01,P15,3000,500 Cashback,58,128
f25735,STBLR-3,CAMP_DIW_01,P09,110,50% OFF,66,85
5729c0,STMYS-2,CAMP_SAN_01,P04,370,BOGOF,240,636
cf4f71,STHYD-0,CAMP_SAN_01,P01,172,33% OFF,250,382
60ba75,STVJD-0,CAMP_SAN_01,P13,350,BOGOF,60,234
6bce12,STMYS-0,CAMP_SAN_01,P07,300,BOGOF,46,120
25902,STMYS-2,CAMP_DIW_01,P11,190,50% OFF,70,93
1dd472,STMLR-1,CAMP_SAN_01,P04,370,BOGOF,220,886
f94f2f,STTRV-1,CAMP_DIW_01,P08,1190,BOGOF,28,92
802b3c,STBLR-1,CAMP_DIW_01,P15,3000,500 Cashback,369,1007
4aa7ef,STHYD-1,CAMP_DIW_01,P07,300,BOGOF,59,176
4e0e90,STVSK-2,CAMP_DIW_01,P12,62,50% OFF,80,124
9155d1,STTRV-1,CAMP_DIW_01,P11,190,50% OFF,33,43
f1421a,STMDU-2,CAMP_SAN_01,P09,90,25% OFF,49,39
fb29d7,STMYS-3,CAMP_SAN_01,P06,415,25% OFF,28,23
18c9f4,STBLR-1,CAMP_DIW_01,P03,156,25% OFF,385,369
2abe5e,STCHE-6,CAMP_SAN_01,P06,415,25% OFF,40,28
4a77da,STMLR-0,CAMP_SAN_01,P02,860,33% OFF,243,332
d46611,STMLR-2,CAMP_DIW_01,P05,55,25% OFF,47,40
30b66a,STBLR-7,CAMP_DIW_01,P11,190,50% OFF,84,131
e0a83a,STBLR-8,CAMP_DIW_01,P07,300,BOGOF,63,221
e78335,STMDU-1,CAMP_DIW_01,P03,156,25% OFF,281,244
a16acc,STBLR-4,CAMP_SAN_01,P11,190,50% OFF,43,59
250dee,STCHE-0,CAMP_SAN_01,P01,172,33% OFF,237,341
62769f,STMDU-3,CAMP_SAN_01,P05,55,25% OFF,16,12
8d7458,STCBE-1,CAMP_DIW_01,P12,62,50% OFF,98,109
6bf19b,STTRV-1,CAMP_DIW_01,P04,290,25% OFF,169,160
10a8b7,STMYS-2,CAMP_SAN_01,P12,62,50% OFF,61,87
bcffbb,STCBE-0,CAMP_DIW_01,P11,190,50% OFF,36,56
bea96f,STVSK-2,CAMP_SAN_01,P14,1020,BOGOF,64,250
ebd35e,STBLR-8,CAMP_DIW_01,P04,290,25% OFF,323,251
b7f012,STMYS-2,CAMP_SAN_01,P15,3000,500 Cashback,118,208
b79118,STVSK-3,CAMP_DIW_01,P04,290,25% OFF,236,210
657a95,STCHE-4,CAMP_DIW_01,P12,62,50% OFF,126,168
f41ca1,STCBE-2,CAMP_DIW_01,P07,300,BOGOF,42,166
4d8607,STCHE-0,CAMP_DIW_01,P03,156,25% OFF,323,293
ffcda1,STVJD-0,CAMP_DIW_01,P11,190,50% OFF,42,55
c6e3ae,STCHE-0,CAMP_SAN_01,P13,350,BOGOF,117,457
a9d059,STCHE-7,CAMP_DIW_01,P14,1020,BOGOF,50,202
f21f4c,STVSK-3,CAMP_DIW_01,P09,110,50% OFF,50,58
de0a50,STCHE-7,CAMP_SAN_01,P05,55,25% OFF,28,26
eae38f,STVJD-1,CAMP_SAN_01,P13,350,BOGOF,73,286
1c7c7f,STBLR-8,CAMP_DIW_01,P14,1020,BOGOF,52,178
7f6f08,STBLR-7,CAMP_SAN_01,P05,55,25% OFF,24,20
f63299,STVSK-0,CAMP_DIW_01,P02,860,33% OFF,301,526
cfeac1,STHYD-6,CAMP_SAN_01,P14,1020,BOGOF,100,396
15b3a7,STMYS-3,CAMP_DIW_01,P05,55,25% OFF,94,84
8e6e77,STBLR-0,CAMP_SAN_01,P08,1190,BOGOF,37,156
fc2f67,STBLR-5,CAMP_SAN_01,P06,415,25% OFF,34,27
ac6273,STHYD-2,CAMP_DIW_01,P01,172,33% OFF,281,435
e5804e,STHYD-0,CAMP_DIW_01,P01,172,33% OFF,316,521
32b8a7,STBLR-2,CAMP_DIW_01,P03,156,25% OFF,378,343
3f2255,STBLR-3,CAMP_DIW_01,P02,860,33% OFF,381,563
75f9b8,STCHE-4,CAMP_SAN_01,P06,415,25% OFF,27,22
df380c,STBLR-5,CAMP_SAN_01,P05,55,25% OFF,25,21
3a1cad,STMDU-3,CAMP_DIW_01,P12,62,50% OFF,87,93
d730ac,STCHE-0,CAMP_SAN_01,P06,415,25% OFF,31,26
8aa62d,STCHE-2,CAMP_SAN_01,P12,62,50% OFF,67,74
fd788c,STVSK-1,CAMP_DIW_01,P11,190,50% OFF,43,58
fb9e95,STBLR-5,CAMP_DIW_01,P12,62,50% OFF,141,179
cefb49,STMYS-3,CAMP_DIW_01,P02,860,33% OFF,322,386
f0365e,STCHE-2,CAMP_DIW_01,P09,110,50% OFF,85,90
1809f2,STVSK-4,CAMP_SAN_01,P06,415,25% OFF,22,15
2e3594,STMDU-0,CAMP_DIW_01,P13,350,BOGOF,61,237
e0ef00,STBLR-9,CAMP_SAN_01,P03,200,BOGOF,309,1226
46917a,STVSK-3,CAMP_DIW_01,P12,62,50% OFF,105,115
63a2d2,STCHE-3,CAMP_DIW_01,P08,1190,BOGOF,47,186
6ae178,STCHE-7,CAMP_SAN_01,P10,50,25% OFF,30,28
367e8d,STCBE-2,CAMP_SAN_01,P07,300,BOGOF,30,123
0a3c5c,STMDU-1,CAMP_DIW_01,P13,350,BOGOF,47,163
d1bfe5,STMDU-2,CAMP_DIW_01,P02,860,33% OFF,301,385
9faad8,STHYD-0,CAMP_SAN_01,P09,90,25% OFF,54,44
5947fb,STBLR-9,CAMP_SAN_01,P15,3000,500 Cashback,118,251
e7f270,STVSK-0,CAMP_SAN_01,P01,172,33% OFF,211,322
06749d,STMDU-2,CAMP_DIW_01,P09,110,50% OFF,47,54
eb4f04,STMLR-0,CAMP_SAN_01,P15,3000,500 Cashback,54,89
ff9fa7,STBLR-9,CAMP_SAN_01,P06,415,25% OFF,43,40
669d35,STCHE-1,CAMP_DIW_01,P12,62,50% OFF,108,124
546cc3,STHYD-3,CAMP_SAN_01,P01,172,33% OFF,312,483
e7bb4f,STMDU-2,CAMP_DIW_01,P13,350,BOGOF,45,148
c4006c,STCBE-3,CAMP_DIW_01,P15,3000,500 Cashback,243,724
8e1636,STBLR-4,CAMP_SAN_01,P15,3000,500 Cashback,109,249
284539,STCHE-3,CAMP_SAN_01,P03,200,BOGOF,384,1678
84aa9b,STCHE-0,CAMP_SAN_01,P02,860,33% OFF,424,580
fe1a8b,STBLR-8,CAMP_SAN_01,P15,3000,500 Cashback,126,278
440bd9,STBLR-0,CAMP_SAN_01,P13,350,BOGOF,129,528
63ef11,STCBE-4,CAMP_SAN_01,P09,90,25% OFF,46,38
0312a8,STCHE-7,CAMP_DIW_01,P15,3000,500 Cashback,393,1375
4b8e08,STHYD-1,CAMP_SAN_01,P11,190,50% OFF,37,41
b94bda,STMYS-0,CAMP_DIW_01,P13,350,BOGOF,56,168
0c0339,STHYD-2,CAMP_DIW_01,P07,300,BOGOF,64,211
c5176d,STCBE-2,CAMP_SAN_01,P01,172,33% OFF,196,307
b5b0f5,STCBE-0,CAMP_SAN_01,P02,860,33% OFF,399,586
66f526,STVJD-0,CAMP_SAN_01,P10,50,25% OFF,18,16
3153d6,STCBE-4,CAMP_SAN_01,P02,860,33% OFF,396,558
a3caaa,STCHE-0,CAMP_DIW_01,P10,65,50% OFF,126,167
2c7cc7,STBLR-1,CAMP_SAN_01,P10,50,25% OFF,28,24
bed694,STTRV-1,CAMP_SAN_01,P10,50,25% OFF,15,14
817b4f,STCHE-5,CAMP_DIW_01,P11,190,50% OFF,78,92
d0daaa,STMDU-1,CAMP_SAN_01,P14,1020,BOGOF,63,244
bb974d,STBLR-2,CAMP_SAN_01,P03,200,BOGOF,307,1200
e025ee,STVSK-1,CAMP_SAN_01,P07,300,BOGOF,27,107
0f5588,STMYS-3,CAMP_DIW_01,P03,156,25% OFF,378,332
2e0950,STBLR-0,CAMP_DIW_01,P05,55,25% OFF,133,114
62e500,STCHE-7,CAMP_DIW_01,P01,172,33% OFF,346,505
37cb7c,STCHE-0,CAMP_DIW_01,P13,350,BOGOF,61,203
543c36,STHYD-4,CAMP_SAN_01,P07,300,BOGOF,58,225
d41d53,STCHE-5,CAMP_DIW_01,P01,172,33% OFF,334,424
5f65df,STCHE-2,CAMP_SAN_01,P13,350,BOGOF,105,423
9acfa3,STCHE-0,CAMP_DIW_01,P12,62,50% OFF,115,154
f94d7b,STMDU-2,CAMP_SAN_01,P13,350,BOGOF,96,377
75f30e,STCHE-2,CAMP_SAN_01,P15,3000,500 Cashback,117,251
b6b840,STCBE-1,CAMP_DIW_01,P02,860,33% OFF,244,312
7b49ce,STVJD-1,CAMP_DIW_01,P15,3000,500 Cashback,224,685
a107c4,STVJD-0,CAMP_SAN_01,P05,55,25% OFF,16,14
4858ab,STBLR-7,CAMP_SAN_01,P14,1020,BOGOF,124,514
00a7c3,STTRV-1,CAMP_SAN_01,P02,860,33% OFF,231,314
fe68f2,STBLR-2,CAMP_SAN_01,P01,172,33% OFF,304,428
c8e17c,STMLR-1,CAMP_DIW_01,P02,860,33% OFF,166,252
8376c6,STHYD-5,CAMP_SAN_01,P01,172,33% OFF,336,467
bf49bf,STCHE-4,CAMP_SAN_01,P14,1020,BOGOF,111,473
aa54a7,STHYD-1,CAMP_DIW_01,P13,350,BOGOF,91,281
4aa530,STMYS-0,CAMP_DIW_01,P02,860,33% OFF,465,674
5a4d9d,STCHE-1,CAMP_SAN_01,P02,860,33% OFF,468,599
ce68be,STCHE-3,CAMP_SAN_01,P01,172,33% OFF,310,421
9acae6,STMYS-0,CAMP_DIW_01,P05,55,25% OFF,73,65
2ba1ba,STCHE-7,CAMP_SAN_01,P13,350,BOGOF,106,454
6909d3,STBLR-2,CAMP_DIW_01,P02,860,33% OFF,390,585
d5769b,STCBE-2,CAMP_SAN_01,P09,90,25% OFF,42,34
c0d022,STBLR-6,CAMP_SAN_01,P06,415,25% OFF,33,28
5.80E+27,STMYS-2,CAMP_DIW_01,P07,300,BOGOF,73,215
ebbbb9,STVSK-1,CAMP_SAN_01,P05,55,25% OFF,19,14
14ff29,STBLR-3,CAMP_SAN_01,P11,190,50% OFF,43,62
f39a0c,STHYD-3,CAMP_SAN_01,P09,90,25% OFF,49,37
5bc324,STTRV-1,CAMP_DIW_01,P14,1020,BOGOF,19,66
87564a,STCHE-6,CAMP_DIW_01,P04,290,25% OFF,346,269
6ba4b5,STMDU-0,CAMP_SAN_01,P05,55,25% OFF,15,12
7cf9ef,STMDU-3,CAMP_DIW_01,P11,190,50% OFF,66,71
91649,STMDU-1,CAMP_SAN_01,P13,350,BOGOF,73,287
bfc9da,STBLR-9,CAMP_SAN_01,P04,370,BOGOF,387,1509
788131,STBLR-3,CAMP_DIW_01,P10,65,50% OFF,108,145
9ebcf9,STVSK-4,CAMP_DIW_01,P10,65,50% OFF,80,109
b60e6a,STBLR-6,CAMP_SAN_01,P09,90,25% OFF,63,51
c3b511,STCBE-3,CAMP_SAN_01,P14,1020,BOGOF,75,297
de6e7e,STVSK-1,CAMP_SAN_01,P15,3000,500 Cashback,88,186
8f80ed,STVSK-3,CAMP_DIW_01,P11,190,50% OFF,52,57
a298bc,STVJD-1,CAMP_DIW_01,P07,300,BOGOF,33,109
003c65,STBLR-9,CAMP_SAN_01,P13,350,BOGOF,114,457
5f313a,STCHE-2,CAMP_DIW_01,P10,65,50% OFF,124,135
4f1bb6,STMYS-0,CAMP_SAN_01,P11,190,50% OFF,46,63
cd4c5a,STMLR-0,CAMP_SAN_01,P09,90,25% OFF,34,28
6.59E+23,STVJD-0,CAMP_SAN_01,P01,172,33% OFF,186,252
5abaf9,STCHE-3,CAMP_SAN_01,P07,300,BOGOF,37,155
bb83e5,STMDU-2,CAMP_DIW_01,P08,1190,BOGOF,40,133
531a22,STBLR-3,CAMP_DIW_01,P11,190,50% OFF,71,90
fe1c63,STMYS-3,CAMP_DIW_01,P11,190,50% OFF,71,76
6046fa,STBLR-4,CAMP_DIW_01,P12,62,50% OFF,141,180
ef95a9,STBLR-3,CAMP_DIW_01,P13,350,BOGOF,87,298
16fb87,STBLR-2,CAMP_SAN_01,P10,50,25% OFF,37,31
be3489,STHYD-3,CAMP_DIW_01,P14,1020,BOGOF,38,119
c4a484,STMYS-2,CAMP_DIW_01,P01,172,33% OFF,295,454
fb70b4,STCHE-2,CAMP_DIW_01,P03,156,25% OFF,355,347
1bfbb8,STCHE-7,CAMP_DIW_01,P12,62,50% OFF,171,222
a6276f,STCHE-4,CAMP_DIW_01,P14,1020,BOGOF,56,224
f95092,STVSK-1,CAMP_SAN_01,P13,350,BOGOF,124,500
da99ec,STCHE-5,CAMP_DIW_01,P14,1020,BOGOF,54,184
9c2c14,STVSK-0,CAMP_DIW_01,P14,1020,BOGOF,29,97
11971a,STHYD-2,CAMP_SAN_01,P11,190,50% OFF,45,62
3426bd,STCBE-0,CAMP_DIW_01,P10,65,50% OFF,80,124
46021e,STCHE-1,CAMP_SAN_01,P07,300,BOGOF,31,79
29687a,STVJD-0,CAMP_SAN_01,P02,860,33% OFF,298,420
655aa2,STHYD-0,CAMP_DIW_01,P10,65,50% OFF,112,170
49e9ea,STHYD-2,CAMP_SAN_01,P04,370,BOGOF,415,1672
0beb9b,STVSK-2,CAMP_SAN_01,P12,62,50% OFF,28,43
29411f,STBLR-6,CAMP_SAN_01,P08,1190,BOGOF,69,303
8ff2bb,STBLR-2,CAMP_SAN_01,P06,415,25% OFF,40,33
918a17,STVSK-1,CAMP_DIW_01,P14,1020,BOGOF,26,91
1e5c85,STBLR-7,CAMP_DIW_01,P01,172,33% OFF,341,606
7d89b1,STVSK-3,CAMP_DIW_01,P08,1190,BOGOF,45,138
5db3e3,STBLR-2,CAMP_DIW_01,P13,350,BOGOF,78,274
35637b,STVSK-4,CAMP_DIW_01,P03,156,25% OFF,301,237
e788e5,STMYS-0,CAMP_SAN_01,P10,50,25% OFF,30,24
5c2d1f,STCBE-2,CAMP_SAN_01,P03,200,BOGOF,304,1340
e96e9d,STHYD-1,CAMP_DIW_01,P15,3000,500 Cashback,362,959
6a7fa1,STVJD-1,CAMP_SAN_01,P14,1020,BOGOF,61,243
1274dc,STCBE-4,CAMP_DIW_01,P09,110,50% OFF,54,68
fc7056,STBLR-2,CAMP_DIW_01,P08,1190,BOGOF,40,135
69a46e,STCHE-2,CAMP_DIW_01,P01,172,33% OFF,320,416
a05e82,STMYS-3,CAMP_SAN_01,P13,350,BOGOF,124,527
da1969,STVSK-1,CAMP_SAN_01,P03,200,BOGOF,322,1291
2fc575,STBLR-0,CAMP_DIW_01,P12,62,50% OFF,147,198
4ced30,STCHE-3,CAMP_SAN_01,P09,90,25% OFF,60,49
a37110,STHYD-0,CAMP_DIW_01,P04,290,25% OFF,367,330
8829ef,STCBE-0,CAMP_SAN_01,P12,62,50% OFF,39,61
aa6972,STMDU-0,CAMP_DIW_01,P12,62,50% OFF,103,131
dd8425,STCHE-0,CAMP_SAN_01,P11,190,50% OFF,49,71
f8a2a6,STMDU-1,CAMP_SAN_01,P09,90,25% OFF,45,36
c1c42d,STMLR-1,CAMP_SAN_01,P09,90,25% OFF,28,22
6eede8,STTRV-0,CAMP_SAN_01,P11,190,50% OFF,22,30
092c09,STHYD-5,CAMP_DIW_01,P08,1190,BOGOF,43,147
3f34d5,STCBE-2,CAMP_DIW_01,P09,110,50% OFF,50,80
2b50e0,STBLR-6,CAMP_DIW_01,P15,3000,500 Cashback,390,1318
92151c,STMDU-3,CAMP_SAN_01,P10,50,25% OFF,25,20
4ad12b,STBLR-4,CAMP_DIW_01,P15,3000,500 Cashback,407,1245
1824c2,STHYD-6,CAMP_SAN_01,P12,62,50% OFF,67,93
9b309b,STMYS-0,CAMP_SAN_01,P09,90,25% OFF,67,56
0dfaac,STCHE-6,CAMP_DIW_01,P02,860,33% OFF,434,629
652101,STBLR-1,CAMP_DIW_01,P07,300,BOGOF,61,189
6ec0eb,STCHE-2,CAMP_DIW_01,P15,3000,500 Cashback,369,1073
07ee94,STCHE-4,CAMP_DIW_01,P03,156,25% OFF,369,332
4a34a6,STVSK-4,CAMP_SAN_01,P09,90,25% OFF,34,25
8ea7e8,STVJD-1,CAMP_SAN_01,P09,90,25% OFF,37,26
6ee8ab,STVSK-0,CAMP_SAN_01,P06,415,25% OFF,16,13
0d70f7,STVSK-2,CAMP_DIW_01,P01,172,33% OFF,210,367
deea3e,STMLR-1,CAMP_SAN_01,P14,1020,BOGOF,51,198
699bac,STCHE-7,CAMP_SAN_01,P07,300,BOGOF,42,183
cc4a67,STTRV-0,CAMP_DIW_01,P03,156,25% OFF,187,181
b456c0,STBLR-3,CAMP_DIW_01,P06,415,25% OFF,91,72
d2dc77,STMLR-0,CAMP_DIW_01,P13,350,BOGOF,40,119
f78e86,STCHE-3,CAMP_DIW_01,P06,415,25% OFF,77,67
9d1009,STHYD-0,CAMP_DIW_01,P06,415,25% OFF,78,68
0179b3,STMLR-2,CAMP_SAN_01,P05,55,25% OFF,15,12
933cae,STCHE-3,CAMP_SAN_01,P06,415,25% OFF,28,23
7704c2,STBLR-7,CAMP_SAN_01,P04,370,BOGOF,382,1638
b55027,STCHE-6,CAMP_SAN_01,P10,50,25% OFF,31,22
0842b9,STCBE-1,CAMP_DIW_01,P04,290,25% OFF,227,172
1142fd,STVSK-3,CAMP_DIW_01,P05,55,25% OFF,71,63
35e1c7,STBLR-1,CAMP_DIW_01,P14,1020,BOGOF,54,169
80255e,STMDU-0,CAMP_DIW_01,P05,55,25% OFF,57,50
37cb87,STBLR-1,CAMP_SAN_01,P07,300,BOGOF,46,115
fd5855,STVSK-4,CAMP_SAN_01,P08,1190,BOGOF,25,64
0f714a,STVJD-1,CAMP_SAN_01,P06,415,25% OFF,16,11
4ab3c2,STVSK-1,CAMP_DIW_01,P09,110,50% OFF,64,81
57d06d,STCBE-1,CAMP_SAN_01,P09,90,25% OFF,54,39
ad783e,STCHE-4,CAMP_SAN_01,P10,50,25% OFF,30,25
cf616b,STMYS-2,CAMP_DIW_01,P09,110,50% OFF,64,84
e5e0dc,STHYD-0,CAMP_SAN_01,P07,300,BOGOF,52,204
30bacd,STBLR-3,CAMP_DIW_01,P14,1020,BOGOF,42,143
68e849,STMLR-2,CAMP_DIW_01,P06,415,25% OFF,40,34
c3b647,STCHE-5,CAMP_SAN_01,P08,1190,BOGOF,64,256
5dfa52,STVSK-2,CAMP_DIW_01,P04,290,25% OFF,244,217
9d63a7,STHYD-6,CAMP_SAN_01,P08,1190,BOGOF,43,166
9fae1c,STHYD-2,CAMP_DIW_01,P15,3000,500 Cashback,400,1176
ae288b,STMYS-0,CAMP_DIW_01,P11,190,50% OFF,89,113
f940cf,STHYD-6,CAMP_DIW_01,P13,350,BOGOF,77,260
7cf0d8,STMDU-0,CAMP_SAN_01,P14,1020,BOGOF,79,349
a7c40d,STMLR-1,CAMP_DIW_01,P09,110,50% OFF,38,50
d4ccb5,STCBE-1,CAMP_DIW_01,P05,55,25% OFF,61,50
9953ec,STTRV-0,CAMP_SAN_01,P04,370,BOGOF,187,733
fc9ab7,STCBE-1,CAMP_DIW_01,P08,1190,BOGOF,40,140
f32df2,STHYD-6,CAMP_DIW_01,P04,290,25% OFF,390,339
cf6323,STTRV-0,CAMP_DIW_01,P15,3000,500 Cashback,190,547
5372de,STCBE-3,CAMP_SAN_01,P10,50,25% OFF,28,22
24054f,STBLR-4,CAMP_DIW_01,P09,110,50% OFF,89,116
4f75fe,STMYS-2,CAMP_DIW_01,P08,1190,BOGOF,42,123
21a8a0,STBLR-4,CAMP_SAN_01,P01,172,33% OFF,286,394
800f42,STMDU-3,CAMP_SAN_01,P03,200,BOGOF,273,1097
cdb883,STMDU-0,CAMP_SAN_01,P12,62,50% OFF,46,66
9c2777,STCHE-6,CAMP_SAN_01,P02,860,33% OFF,463,629
a6cb9e,STVSK-2,CAMP_SAN_01,P05,55,25% OFF,15,12
f23d14,STHYD-1,CAMP_SAN_01,P05,55,25% OFF,25,21
ee68d9,STCHE-1,CAMP_SAN_01,P15,3000,500 Cashback,136,242
5e1671,STCHE-2,CAMP_SAN_01,P10,50,25% OFF,34,30
e411c6,STHYD-4,CAMP_DIW_01,P15,3000,500 Cashback,323,965
9ff4a9,STMDU-1,CAMP_DIW_01,P10,65,50% OFF,94,120
49706e,STMDU-3,CAMP_SAN_01,P15,3000,500 Cashback,120,274
7e28fb,STHYD-4,CAMP_DIW_01,P06,415,25% OFF,96,92
e4f1f3,STCBE-3,CAMP_SAN_01,P11,190,50% OFF,33,50
af2b25,STBLR-7,CAMP_DIW_01,P13,350,BOGOF,85,338
fe4bf5,STCHE-4,CAMP_DIW_01,P06,415,25% OFF,91,80
d91475,STMYS-0,CAMP_DIW_01,P07,300,BOGOF,61,189
09d857,STHYD-5,CAMP_DIW_01,P02,860,33% OFF,386,594
aa96fc,STCHE-4,CAMP_SAN_01,P04,370,BOGOF,379,1603
2c893f,STCHE-3,CAMP_DIW_01,P12,62,50% OFF,103,129
bac74e,STBLR-9,CAMP_SAN_01,P01,172,33% OFF,319,449
31c430,STHYD-1,CAMP_SAN_01,P01,172,33% OFF,312,393
432f1d,STBLR-4,CAMP_SAN_01,P05,55,25% OFF,19,15
6edb42,STBLR-8,CAMP_SAN_01,P10,50,25% OFF,36,26
115760,STMDU-2,CAMP_DIW_01,P07,300,BOGOF,43,147
acf9c2,STCHE-4,CAMP_SAN_01,P01,172,33% OFF,235,329
0c9f61,STBLR-7,CAMP_SAN_01,P03,200,BOGOF,433,1883
40baa1,STCBE-0,CAMP_SAN_01,P08,1190,BOGOF,42,167
ba7fb5,STCHE-0,CAMP_DIW_01,P05,55,25% OFF,119,107
555fcd,STVSK-3,CAMP_DIW_01,P13,350,BOGOF,57,178
c649ca,STMYS-1,CAMP_SAN_01,P02,860,33% OFF,595,886
578a67,STBLR-2,CAMP_DIW_01,P11,190,50% OFF,101,131
35701b,STVJD-0,CAMP_DIW_01,P04,290,25% OFF,192,188
77c2be,STBLR-8,CAMP_DIW_01,P06,415,25% OFF,78,62
8cd89f,STHYD-0,CAMP_SAN_01,P03,200,BOGOF,363,1408
21006,STVSK-2,CAMP_SAN_01,P03,200,BOGOF,192,754
1c3fb4,STMLR-1,CAMP_SAN_01,P02,860,33% OFF,237,327
0e96b4,STCBE-4,CAMP_SAN_01,P14,1020,BOGOF,93,234
3ea7d6,STMYS-0,CAMP_SAN_01,P15,3000,500 Cashback,105,173
fb508c,STBLR-9,CAMP_DIW_01,P15,3000,500 Cashback,358,1070
d671d3,STVSK-1,CAMP_DIW_01,P12,62,50% OFF,91,113
365da3,STCBE-1,CAMP_SAN_01,P06,415,25% OFF,21,15
33da9a,STHYD-5,CAMP_DIW_01,P14,1020,BOGOF,54,183
e391bc,STHYD-0,CAMP_DIW_01,P09,110,50% OFF,77,113
cd4812,STMDU-3,CAMP_DIW_01,P07,300,BOGOF,47,162
c4123e,STCHE-7,CAMP_DIW_01,P02,860,33% OFF,336,507
933f7e,STCHE-7,CAMP_DIW_01,P07,300,BOGOF,71,282
7c8fd1,STMYS-3,CAMP_DIW_01,P15,3000,500 Cashback,416,1472
4cd232,STVJD-0,CAMP_DIW_01,P14,1020,BOGOF,28,92
65a802,STMLR-1,CAMP_SAN_01,P05,55,25% OFF,13,10
ffdcb8,STHYD-6,CAMP_SAN_01,P02,860,33% OFF,454,644
496b80,STHYD-4,CAMP_SAN_01,P15,3000,500 Cashback,118,253
4001c4,STBLR-6,CAMP_SAN_01,P04,370,BOGOF,402,1652
84dbe3,STHYD-1,CAMP_SAN_01,P07,300,BOGOF,51,140
45c35a,STHYD-5,CAMP_SAN_01,P11,190,50% OFF,54,76
6d343d,STHYD-6,CAMP_DIW_01,P12,62,50% OFF,133,167
a672df,STMDU-1,CAMP_SAN_01,P12,62,50% OFF,36,49
ba0b3e,STBLR-7,CAMP_SAN_01,P07,300,BOGOF,40,165
5.23E+42,STCHE-5,CAMP_DIW_01,P15,3000,500 Cashback,388,1187
faeeb8,STHYD-2,CAMP_DIW_01,P09,110,50% OFF,80,107
3adeb2,STMYS-0,CAMP_SAN_01,P14,1020,BOGOF,84,219
a40872,STBLR-7,CAMP_DIW_01,P14,1020,BOGOF,47,189
35e3ec,STMDU-1,CAMP_SAN_01,P07,300,BOGOF,40,154
8a7e7e,STMYS-0,CAMP_SAN_01,P03,200,BOGOF,333,869
b4867e,STCHE-6,CAMP_SAN_01,P11,190,50% OFF,57,79
cea0e2,STCHE-2,CAMP_DIW_01,P11,190,50% OFF,73,84
a6a18f,STHYD-6,CAMP_SAN_01,P06,415,25% OFF,34,27
1fcfc6,STVSK-0,CAMP_SAN_01,P11,190,50% OFF,31,46
5dda21,STCBE-0,CAMP_SAN_01,P14,1020,BOGOF,69,274
b5cd07,STVSK-3,CAMP_SAN_01,P01,172,33% OFF,222,275
1a1edd,STBLR-7,CAMP_DIW_01,P03,156,25% OFF,343,301
f682ec,STBLR-0,CAMP_SAN_01,P01,172,33% OFF,273,382
693708,STBLR-3,CAMP_SAN_01,P03,200,BOGOF,454,1788
349c73,STCHE-2,CAMP_DIW_01,P14,1020,BOGOF,57,189
50802a,STCHE-3,CAMP_DIW_01,P07,300,BOGOF,64,257
e4b7e4,STHYD-6,CAMP_DIW_01,P09,110,50% OFF,78,102
5bfb5e,STCBE-4,CAMP_DIW_01,P10,65,50% OFF,57,72
6af3e0,STBLR-6,CAMP_SAN_01,P14,1020,BOGOF,103,444
6b74c8,STBLR-5,CAMP_DIW_01,P15,3000,500 Cashback,379,1095
ec9948,STCBE-2,CAMP_DIW_01,P05,55,25% OFF,99,86
c24879,STCBE-1,CAMP_SAN_01,P04,370,BOGOF,370,1439
3c0536,STBLR-4,CAMP_SAN_01,P03,200,BOGOF,415,1622
19bc3b,STMDU-1,CAMP_DIW_01,P09,110,50% OFF,47,62
691b63,STCHE-6,CAMP_DIW_01,P15,3000,500 Cashback,432,1291
3ace0f,STVSK-2,CAMP_DIW_01,P09,110,50% OFF,64,98
8cee6d,STCBE-3,CAMP_DIW_01,P14,1020,BOGOF,22,73
1f03e5,STVJD-0,CAMP_DIW_01,P13,350,BOGOF,45,157
d3227b,STMYS-2,CAMP_DIW_01,P04,290,25% OFF,343,312
731f58,STMYS-0,CAMP_SAN_01,P05,55,25% OFF,28,22
98e55f,STBLR-4,CAMP_DIW_01,P06,415,25% OFF,101,90
dee3e9,STCBE-0,CAMP_SAN_01,P03,200,BOGOF,384,1509
3.59E+89,STBLR-3,CAMP_SAN_01,P06,415,25% OFF,22,16
4c1375,STHYD-4,CAMP_DIW_01,P10,65,50% OFF,148,196
480431,STVSK-2,CAMP_SAN_01,P04,370,BOGOF,408,1607
6d153f,STHYD-5,CAMP_SAN_01,P15,3000,500 Cashback,122,272
508621,STCBE-2,CAMP_SAN_01,P02,860,33% OFF,508,751
1fc58f,STMDU-1,CAMP_SAN_01,P01,172,33% OFF,244,334
a25cbf,STCHE-2,CAMP_DIW_01,P04,290,25% OFF,295,289
adf52a,STBLR-6,CAMP_DIW_01,P14,1020,BOGOF,47,179
c9899d,STTRV-1,CAMP_DIW_01,P02,860,33% OFF,199,300
17195,STCHE-4,CAMP_SAN_01,P11,190,50% OFF,45,64
e875c6,STCBE-2,CAMP_DIW_01,P03,156,25% OFF,225,195
69557f,STBLR-1,CAMP_DIW_01,P10,65,50% OFF,106,137
65f85a,STBLR-7,CAMP_SAN_01,P12,62,50% OFF,58,92
f45be0,STCHE-2,CAMP_SAN_01,P05,55,25% OFF,25,23
491ff2,STVJD-1,CAMP_SAN_01,P12,62,50% OFF,30,42
b7286f,STBLR-5,CAMP_SAN_01,P02,860,33% OFF,507,704
45512d,STMYS-3,CAMP_SAN_01,P04,370,BOGOF,336,1434
edac38,STBLR-1,CAMP_DIW_01,P11,190,50% OFF,70,93
4572a3,STCHE-1,CAMP_SAN_01,P11,190,50% OFF,48,55
896c2a,STTRV-0,CAMP_DIW_01,P04,290,25% OFF,180,171
308de6,STMDU-2,CAMP_DIW_01,P01,172,33% OFF,225,279
4fc1b2,STCHE-2,CAMP_DIW_01,P08,1190,BOGOF,47,165
a7fecb,STBLR-1,CAMP_SAN_01,P03,200,BOGOF,361,963
8564bb,STVSK-4,CAMP_SAN_01,P04,370,BOGOF,291,762
11ea6f,STMDU-2,CAMP_DIW_01,P04,290,25% OFF,271,243
cca40f,STBLR-1,CAMP_SAN_01,P12,62,50% OFF,73,102
f97b6d,STMLR-2,CAMP_DIW_01,P07,300,BOGOF,33,115
69a3d2,STTRV-1,CAMP_SAN_01,P08,1190,BOGOF,24,92
bdfb7d,STHYD-4,CAMP_SAN_01,P05,55,25% OFF,16,15
30f1c0,STVJD-1,CAMP_SAN_01,P07,300,BOGOF,22,88
390df2,STBLR-0,CAMP_SAN_01,P06,415,25% OFF,31,26
e0844a,STTRV-1,CAMP_DIW_01,P10,65,50% OFF,64,80
0a0062,STHYD-4,CAMP_DIW_01,P12,62,50% OFF,110,146
886ef2,STMLR-2,CAMP_DIW_01,P08,1190,BOGOF,22,73
2ef46d,STMDU-0,CAMP_DIW_01,P02,860,33% OFF,278,430
52d20e,STHYD-1,CAMP_DIW_01,P10,65,50% OFF,134,156
785811,STCHE-0,CAMP_SAN_01,P10,50,25% OFF,25,20
3952a0,STHYD-2,CAMP_SAN_01,P13,350,BOGOF,114,441
ed2257,STBLR-2,CAMP_DIW_01,P01,172,33% OFF,358,529
02c389,STBLR-8,CAMP_DIW_01,P12,62,50% OFF,120,159
a937e8,STMDU-3,CAMP_SAN_01,P14,1020,BOGOF,87,347
aabcfb,STVSK-3,CAMP_SAN_01,P02,860,33% OFF,345,438
5f8870,STMYS-1,CAMP_DIW_01,P13,350,BOGOF,70,270
e207f7,STCHE-1,CAMP_DIW_01,P11,190,50% OFF,77,83
9154f0,STCHE-4,CAMP_DIW_01,P11,190,50% OFF,91,123
e24a3a,STVSK-1,CAMP_DIW_01,P07,300,BOGOF,49,170
8c62ba,STVSK-0,CAMP_DIW_01,P01,172,33% OFF,161,265
835bbe,STHYD-4,CAMP_SAN_01,P09,90,25% OFF,54,49
4fe9ba,STVSK-2,CAMP_DIW_01,P07,300,BOGOF,45,150
e2c5f7,STTRV-0,CAMP_DIW_01,P08,1190,BOGOF,31,102
8f66c3,STMLR-1,CAMP_SAN_01,P01,172,33% OFF,126,175
9871ea,STVSK-1,CAMP_SAN_01,P10,50,25% OFF,25,18
b27f2a,STBLR-6,CAMP_SAN_01,P10,50,25% OFF,37,30
e88818,STCHE-7,CAMP_DIW_01,P06,415,25% OFF,82,79
eae379,STVJD-0,CAMP_DIW_01,P01,172,33% OFF,161,231
8937eb,STCHE-1,CAMP_DIW_01,P03,156,25% OFF,357,317
718bb4,STHYD-2,CAMP_DIW_01,P12,62,50% OFF,129,165
6f3721,STMDU-3,CAMP_SAN_01,P13,350,BOGOF,118,464
366c89,STMDU-3,CAMP_SAN_01,P06,415,25% OFF,25,20
a304b6,STHYD-3,CAMP_DIW_01,P03,156,25% OFF,285,222
32d8f2,STCHE-5,CAMP_SAN_01,P05,55,25% OFF,31,26
2f0b42,STVSK-1,CAMP_SAN_01,P01,172,33% OFF,213,302
c0929c,STHYD-0,CAMP_SAN_01,P05,55,25% OFF,18,14
86196b,STTRV-0,CAMP_SAN_01,P06,415,25% OFF,13,11
e621c9,STMLR-0,CAMP_SAN_01,P11,190,50% OFF,27,39
bb77b1,STMYS-3,CAMP_DIW_01,P14,1020,BOGOF,54,206
811007,STBLR-9,CAMP_SAN_01,P05,55,25% OFF,27,25
c405b3,STCBE-2,CAMP_DIW_01,P04,290,25% OFF,252,221
2.36E+34,STMDU-1,CAMP_DIW_01,P11,190,50% OFF,52,65
1490b8,STMDU-2,CAMP_SAN_01,P04,370,BOGOF,361,1397
cc5ed4,STMYS-2,CAMP_DIW_01,P03,156,25% OFF,444,395
583386,STBLR-9,CAMP_SAN_01,P08,1190,BOGOF,63,254
ebc2d2,STVSK-4,CAMP_DIW_01,P06,415,25% OFF,70,53
7d3d63,STCHE-1,CAMP_DIW_01,P13,350,BOGOF,68,205
6ebca9,STTRV-0,CAMP_SAN_01,P13,350,BOGOF,60,240
48d526,STCHE-7,CAMP_SAN_01,P15,3000,500 Cashback,115,332
716abd,STMYS-1,CAMP_SAN_01,P08,1190,BOGOF,54,238
fa0c0c,STCBE-1,CAMP_DIW_01,P13,350,BOGOF,40,132
c15780,STVJD-1,CAMP_SAN_01,P04,370,BOGOF,183,708
e17280,STVSK-2,CAMP_DIW_01,P08,1190,BOGOF,38,129
388a78,STMDU-0,CAMP_SAN_01,P03,200,BOGOF,307,1277
e116d8,STVSK-4,CAMP_DIW_01,P12,62,50% OFF,98,133
9cf38e,STCBE-3,CAMP_SAN_01,P09,90,25% OFF,40,32
e97ac0,STTRV-0,CAMP_SAN_01,P12,62,50% OFF,22,30
02fe6a,STMLR-1,CAMP_DIW_01,P04,290,25% OFF,152,133
a34aa4,STBLR-5,CAMP_DIW_01,P03,156,25% OFF,369,332
7f1521,STMYS-1,CAMP_SAN_01,P05,55,25% OFF,19,14
8d14e2,STBLR-8,CAMP_DIW_01,P05,55,25% OFF,105,82
7a22bc,STBLR-6,CAMP_DIW_01,P01,172,33% OFF,283,492
32c24e,STBLR-8,CAMP_DIW_01,P02,860,33% OFF,392,568
966652,STCBE-3,CAMP_DIW_01,P05,55,25% OFF,64,55
acaff0,STHYD-0,CAMP_DIW_01,P12,62,50% OFF,133,195
b91c31,STMYS-1,CAMP_DIW_01,P05,55,25% OFF,89,71
05e55f,STBLR-0,CAMP_SAN_01,P03,200,BOGOF,415,1759
108d5a,STCBE-0,CAMP_DIW_01,P14,1020,BOGOF,29,101
160abb,STCBE-3,CAMP_SAN_01,P02,860,33% OFF,336,534
613571,STTRV-1,CAMP_DIW_01,P15,3000,500 Cashback,168,514
fea4be,STMYS-3,CAMP_SAN_01,P07,300,BOGOF,30,129
d33301,STHYD-0,CAMP_DIW_01,P05,55,25% OFF,98,88
675714,STCBE-3,CAMP_DIW_01,P13,350,BOGOF,61,201
4cefe1,STMYS-1,CAMP_DIW_01,P12,62,50% OFF,127,185
34395c,STBLR-0,CAMP_DIW_01,P15,3000,500 Cashback,434,1514
90b5b0,STBLR-3,CAMP_SAN_01,P05,55,25% OFF,25,18
6e79d3,STBLR-2,CAMP_SAN_01,P04,370,BOGOF,373,1439
79bfae,STMYS-2,CAMP_DIW_01,P10,65,50% OFF,134,182
5202ed,STBLR-4,CAMP_DIW_01,P03,156,25% OFF,306,275
e31e72,STHYD-4,CAMP_SAN_01,P10,50,25% OFF,33,31
3131b7,STMYS-3,CAMP_SAN_01,P09,90,25% OFF,54,45
d134e0,STBLR-3,CAMP_DIW_01,P15,3000,500 Cashback,442,1365
605f5e,STVJD-0,CAMP_DIW_01,P06,415,25% OFF,52,50
d622c3,STHYD-0,CAMP_SAN_01,P10,50,25% OFF,25,20
fc3573,STMYS-2,CAMP_SAN_01,P08,1190,BOGOF,61,163
d4b484,STHYD-2,CAMP_DIW_01,P10,65,50% OFF,140,186
9c5d5a,STMDU-1,CAMP_DIW_01,P02,860,33% OFF,308,455
1507,STMDU-3,CAMP_DIW_01,P09,110,50% OFF,57,61
91fec3,STMYS-1,CAMP_DIW_01,P06,415,25% OFF,101,79
66c422,STBLR-5,CAMP_DIW_01,P07,300,BOGOF,66,227
0e888c,STVSK-3,CAMP_DIW_01,P02,860,33% OFF,274,334
fe72b2,STHYD-3,CAMP_SAN_01,P13,350,BOGOF,133,337
baecfe,STVJD-0,CAMP_SAN_01,P12,62,50% OFF,31,43
261bd6,STCHE-0,CAMP_DIW_01,P02,860,33% OFF,308,452
85e08f,STVSK-4,CAMP_DIW_01,P08,1190,BOGOF,50,152
73564c,STBLR-5,CAMP_SAN_01,P11,190,50% OFF,43,63
316f12,STHYD-6,CAMP_SAN_01,P05,55,25% OFF,33,27
eb3ac8,STHYD-0,CAMP_SAN_01,P06,415,25% OFF,42,34
930325,STTRV-0,CAMP_SAN_01,P09,90,25% OFF,31,28
292d0a,STMDU-0,CAMP_SAN_01,P01,172,33% OFF,219,304
d4fced,STHYD-0,CAMP_SAN_01,P13,350,BOGOF,132,520
da3d1d,STVSK-2,CAMP_DIW_01,P06,415,25% OFF,78,69
73f158,STHYD-2,CAMP_SAN_01,P14,1020,BOGOF,118,459
b8c7c8,STHYD-6,CAMP_SAN_01,P10,50,25% OFF,31,26
141aea,STCHE-7,CAMP_SAN_01,P14,1020,BOGOF,111,493
42ba27,STBLR-2,CAMP_DIW_01,P05,55,25% OFF,115,101
870b25,STMYS-0,CAMP_SAN_01,P04,370,BOGOF,418,1116
e3929b,STMYS-0,CAMP_DIW_01,P12,62,50% OFF,98,128
6562df,STCBE-1,CAMP_SAN_01,P14,1020,BOGOF,78,310
fe94ae,STMYS-1,CAMP_SAN_01,P04,370,BOGOF,450,1984
66b7cc,STCHE-3,CAMP_DIW_01,P13,350,BOGOF,82,328
3d7dc9,STCHE-1,CAMP_DIW_01,P10,65,50% OFF,127,133
5.40E+190,STBLR-0,CAMP_DIW_01,P02,860,33% OFF,362,535
1d8f76,STMYS-0,CAMP_DIW_01,P01,172,33% OFF,301,433
4e7ca5,STMYS-1,CAMP_DIW_01,P07,300,BOGOF,54,219
1bb04d,STCBE-3,CAMP_SAN_01,P01,172,33% OFF,240,355
793873,STVSK-2,CAMP_DIW_01,P03,156,25% OFF,248,225
536fbf,STMLR-2,CAMP_DIW_01,P15,3000,500 Cashback,217,659
b68b77,STCBE-0,CAMP_SAN_01,P01,172,33% OFF,244,368
434698,STVSK-0,CAMP_SAN_01,P12,62,50% OFF,39,63
021d48,STMLR-2,CAMP_SAN_01,P14,1020,BOGOF,61,243
a386d9,STCHE-2,CAMP_SAN_01,P09,90,25% OFF,54,50
b46d32,STMDU-1,CAMP_SAN_01,P04,370,BOGOF,337,1337
3af058,STVSK-3,CAMP_DIW_01,P07,300,BOGOF,36,108
0efde2,STCHE-7,CAMP_SAN_01,P03,200,BOGOF,448,1895
80be79,STBLR-4,CAMP_SAN_01,P08,1190,BOGOF,39,156
879d9a,STBLR-2,CAMP_DIW_01,P15,3000,500 Cashback,318,915
742ad5,STBLR-4,CAMP_DIW_01,P02,860,33% OFF,357,549
b2270b,STHYD-0,CAMP_DIW_01,P07,300,BOGOF,52,173
2e0f86,STMDU-2,CAMP_DIW_01,P12,62,50% OFF,71,80
d85264,STMLR-1,CAMP_SAN_01,P07,300,BOGOF,30,120
34e00a,STCBE-1,CAMP_DIW_01,P11,190,50% OFF,61,65
e918c8,STBLR-4,CAMP_SAN_01,P09,90,25% OFF,66,56
05d8e7,STMYS-1,CAMP_SAN_01,P12,62,50% OFF,45,71
a0da88,STMLR-2,CAMP_DIW_01,P03,156,25% OFF,204,175
4c7359,STVSK-2,CAMP_SAN_01,P09,90,25% OFF,43,35
f30579,STBLR-9,CAMP_DIW_01,P02,860,33% OFF,337,488
bed4b4,STMLR-1,CAMP_SAN_01,P10,50,25% OFF,13,10
c8035e,STCHE-3,CAMP_SAN_01,P13,350,BOGOF,122,529
8819fd,STBLR-2,CAMP_DIW_01,P04,290,25% OFF,350,304
6639a5,STMDU-0,CAMP_SAN_01,P07,300,BOGOF,31,130
dc23bb,STVSK-0,CAMP_DIW_01,P08,1190,BOGOF,42,145
df4373,STMDU-2,CAMP_SAN_01,P07,300,BOGOF,33,128
7c09bf,STVSK-4,CAMP_SAN_01,P10,50,25% OFF,21,15
8f512d,STCBE-3,CAMP_SAN_01,P04,370,BOGOF,364,1434
eb5927,STMDU-1,CAMP_SAN_01,P06,415,25% OFF,21,17
87bb82,STCBE-0,CAMP_SAN_01,P15,3000,500 Cashback,126,275
26e506,STCHE-0,CAMP_SAN_01,P09,90,25% OFF,72,59
fe4a15,STCBE-4,CAMP_SAN_01,P01,172,33% OFF,205,284
30c488,STTRV-0,CAMP_SAN_01,P01,172,33% OFF,132,187
7641,STBLR-1,CAMP_SAN_01,P14,1020,BOGOF,97,257
dabee8,STBLR-1,CAMP_SAN_01,P05,55,25% OFF,19,17
ba86f4,STVSK-1,CAMP_DIW_01,P13,350,BOGOF,61,204
4236be,STTRV-0,CAMP_SAN_01,P14,1020,BOGOF,70,280
c43947,STHYD-5,CAMP_SAN_01,P06,415,25% OFF,39,35
a617b5,STHYD-4,CAMP_SAN_01,P14,1020,BOGOF,102,410
d04921,STMLR-1,CAMP_DIW_01,P10,65,50% OFF,50,68
e60b61,STMLR-0,CAMP_SAN_01,P06,415,25% OFF,15,12
c9fa13,STHYD-4,CAMP_SAN_01,P04,370,BOGOF,403,1567
7bb8ed,STCHE-2,CAMP_SAN_01,P08,1190,BOGOF,45,175
20eb36,STCBE-1,CAMP_DIW_01,P10,65,50% OFF,80,92
166ffe,STMYS-1,CAMP_SAN_01,P10,50,25% OFF,28,20
985960,STCBE-4,CAMP_SAN_01,P06,415,25% OFF,21,17
4dcb0e,STBLR-8,CAMP_SAN_01,P03,200,BOGOF,360,1414
f304a8,STMYS-1,CAMP_DIW_01,P04,290,25% OFF,204,157
9b5299,STBLR-6,CAMP_DIW_01,P04,290,25% OFF,360,320
1130ea,STHYD-6,CAMP_DIW_01,P14,1020,BOGOF,45,155
0a2689,STBLR-8,CAMP_SAN_01,P12,62,50% OFF,55,77
03b653,STCBE-3,CAMP_DIW_01,P02,860,33% OFF,266,446
46d796,STHYD-6,CAMP_SAN_01,P07,300,BOGOF,51,205
d62a10,STCHE-7,CAMP_DIW_01,P13,350,BOGOF,63,242
380c68,STTRV-1,CAMP_DIW_01,P07,300,BOGOF,29,96
35418e,STTRV-0,CAMP_DIW_01,P14,1020,BOGOF,21,70
5f2bb8,STBLR-8,CAMP_SAN_01,P11,190,50% OFF,45,62
9.90E+87,STHYD-6,CAMP_DIW_01,P05,55,25% OFF,117,104
c25b15,STHYD-6,CAMP_DIW_01,P07,300,BOGOF,63,218
4f560f,STHYD-0,CAMP_SAN_01,P02,860,33% OFF,514,791
0a8543,STHYD-4,CAMP_DIW_01,P01,172,33% OFF,304,465
3edc10,STVSK-1,CAMP_DIW_01,P03,156,25% OFF,246,194
59effd,STBLR-5,CAMP_SAN_01,P14,1020,BOGOF,97,380
3b4a4f,STBLR-0,CAMP_DIW_01,P04,290,25% OFF,337,296
0ffbbc,STTRV-1,CAMP_SAN_01,P09,90,25% OFF,30,28
08086d,STBLR-7,CAMP_DIW_01,P10,65,50% OFF,120,188
c5ba9b,STMYS-0,CAMP_SAN_01,P01,172,33% OFF,279,401
d953a5,STBLR-1,CAMP_SAN_01,P01,172,33% OFF,297,418
be603f,STHYD-1,CAMP_DIW_01,P09,110,50% OFF,87,92
a02f06,STMLR-2,CAMP_SAN_01,P04,370,BOGOF,226,881
955fa6,STHYD-5,CAMP_DIW_01,P12,62,50% OFF,161,209
a42141,STMDU-1,CAMP_SAN_01,P15,3000,500 Cashback,85,195
e716e7,STBLR-7,CAMP_DIW_01,P09,110,50% OFF,78,117
4b515c,STVJD-1,CAMP_SAN_01,P02,860,33% OFF,274,394
9a1d69,STMDU-3,CAMP_DIW_01,P01,172,33% OFF,292,373
79d01b,STHYD-1,CAMP_DIW_01,P11,190,50% OFF,61,72
8b729b,STMDU-2,CAMP_SAN_01,P02,860,33% OFF,319,379
136c14,STHYD-1,CAMP_SAN_01,P03,200,BOGOF,328,833
94cacb,STCHE-0,CAMP_SAN_01,P12,62,50% OFF,55,79
5ce72d,STMLR-2,CAMP_SAN_01,P11,190,50% OFF,24,27
c873b4,STVSK-4,CAMP_DIW_01,P02,860,33% OFF,267,389
b9b7dd,STBLR-3,CAMP_DIW_01,P12,62,50% OFF,126,157
fb2c04,STVSK-0,CAMP_SAN_01,P08,1190,BOGOF,28,108
04f19c,STMYS-0,CAMP_DIW_01,P08,1190,BOGOF,50,146
3bcf8b,STCHE-6,CAMP_SAN_01,P14,1020,BOGOF,138,547
b78a4f,STCBE-3,CAMP_SAN_01,P13,350,BOGOF,99,383
1b1cf1,STBLR-8,CAMP_DIW_01,P09,110,50% OFF,61,77
dc07e1,STMYS-2,CAMP_SAN_01,P06,415,25% OFF,31,26
b92097,STCBE-4,CAMP_DIW_01,P03,156,25% OFF,257,221
ffb109,STVSK-2,CAMP_DIW_01,P15,3000,500 Cashback,204,589
11578,STHYD-3,CAMP_SAN_01,P14,1020,BOGOF,87,236
a0017b,STCBE-4,CAMP_SAN_01,P05,55,25% OFF,16,12
ac0db6,STBLR-8,CAMP_SAN_01,P06,415,25% OFF,22,16
1e8961,STBLR-3,CAMP_SAN_01,P12,62,50% OFF,61,84
f957f1,STMDU-1,CAMP_SAN_01,P10,50,25% OFF,22,18
a9ae21,STCBE-0,CAMP_DIW_01,P12,62,50% OFF,80,119
e5d28d,STVSK-0,CAMP_SAN_01,P13,350,BOGOF,73,282
4d22d1,STBLR-9,CAMP_SAN_01,P12,62,50% OFF,52,73
